"id","retired_name","name","practice","motion_profile","primary","secondary","side_sequence","mode","presentation","hold_frame_percent","media_source_id","file","url","source_page","start_seconds","duration_seconds","frames_per_second","crop","ping_pong","mirror_for_alternation","review"
"15","Skater-RDL Balance","Alternating Standing Hamstring Curls","Bodyweight conditioning","StandingHamstringCurl","PosteriorThighAndKneeFlexors","GlutealExtensors|HipAbductors|DeepAndIntersegmentalBack|CalfDeepPosteriorLegAndPlantarFoot","Continuous","Repetition","Motion","0","","FGB_9YVUmfY.mp4","https://www.youtube.com/watch?v=FGB_9YVUmfY","https://www.youtube.com/watch?v=FGB_9YVUmfY","15","25","8","crop=ih:ih:(iw-ih)/2:0","false","false","A full human demonstration shows the complete named movement without equipment, support, jumping, travel outside three metres, or hidden resistance."
"16","Star-Tap Balance","Split-Stance Toe Raises","Standing ankle strengthening","ToeRaise","AnteriorLateralLowerLegAndDorsalFoot","HipAbductors|GlutealExtensors|CalfDeepPosteriorLegAndPlantarFoot","ScreenRightThenLeft","Repetition","Motion","0","","w3wvasIXwP0.mp4","https://www.youtube.com/watch?v=w3wvasIXwP0","https://www.youtube.com/watch?v=w3wvasIXwP0","2","9","10","crop=ih:ih:(iw-ih)/2:0","false","false","A full human demonstration shows the complete named movement without equipment, support, jumping, travel outside three metres, or hidden resistance."
"17","Single-Leg RDL-Rotation Balance","Standing Toe-Touch Windmill","Standing mobility","ToeTouchWindmill","DeepAndIntersegmentalBack","PosteriorThighAndKneeFlexors|GlutealExtensors|AbdominalWall|CalfDeepPosteriorLegAndPlantarFoot","Continuous","Repetition","Motion","0","","FGB_9YVUmfY.mp4","https://www.youtube.com/watch?v=FGB_9YVUmfY","https://www.youtube.com/watch?v=FGB_9YVUmfY","135","25","8","crop=ih:ih:(iw-ih)/2:0","false","false","A full human demonstration shows the complete named movement without equipment, support, jumping, travel outside three metres, or hidden resistance."
"19","Side-to-Side Pendulum Balance","Wide Plie Squat Pulses","Ballet conditioning","PliePulse","AccessoryHipAdductors","HipAbductors|DeepHipRotators|CalfDeepPosteriorLegAndPlantarFoot|AnteriorLateralLowerLegAndDorsalFoot","Continuous","Repetition","Motion","0","","2_lCvBvHRFI.mp4","https://www.youtube.com/watch?v=2_lCvBvHRFI","https://www.youtube.com/watch?v=2_lCvBvHRFI","45","20","8","crop=ih:ih:(iw-ih)/2:0","false","false","A full human demonstration shows the complete named movement without equipment, support, jumping, travel outside three metres, or hidden resistance."
"20","Front-to-Back Pendulum Balance","Standing Rear-Leg Pulses","Standing lower-body conditioning","RearLegPulse","PosteriorThighAndKneeFlexors","GlutealExtensors|HipFlexors|CalfDeepPosteriorLegAndPlantarFoot|AnteriorLateralLowerLegAndDorsalFoot","ScreenLeftThenRight","Repetition","Motion","0","","2_lCvBvHRFI.mp4","https://www.youtube.com/watch?v=2_lCvBvHRFI","https://www.youtube.com/watch?v=2_lCvBvHRFI","285","20","8","crop=ih:ih:(iw-ih)/2:0","false","false","A full human demonstration shows the complete named movement without equipment, support, jumping, travel outside three metres, or hidden resistance."
"31","Tai Chi Golden-Rooster Balance Drill","Alternating Knee Raises with Two-Arm Pull-Down","Low-impact conditioning","KneeRaiseTwoArmPulldown","HipFlexors","ShoulderAdductorsAndExtensors|ShoulderAbductors|ScapularGirdle|AbdominalWall","Alternating","Repetition","Motion","0","","6P_JPNPgXig.mp4","https://www.youtube.com/watch?v=6P_JPNPgXig","https://www.youtube.com/watch?v=6P_JPNPgXig","134","12","8","crop=ih:ih:(iw-ih)/2:0","false","false","The full-body loop alternates left and right knee raises while both arms pull down from overhead, so the complete demonstrated pattern runs in one continuous phase without a mirrored side timer."
"41","Backward Walking","Alternating Reverse Lunge with Knee Drive","Bodyweight conditioning","ReverseLungeKneeDrive","GlutealExtensors","PosteriorThighAndKneeFlexors|MedialAndDeepKneeExtensors|LateralKneeExtensors|HipFlexors|HipAbductors|AbdominalWall|CalfDeepPosteriorLegAndPlantarFoot","Continuous","Repetition","Motion","0","","alternating-reverse-lunge-knee-drive.mp4","https://www.youtube.com/watch?v=qXyN2GwK9xk","https://www.youtube.com/watch?v=qXyN2GwK9xk","4","28.5","8","crop=ih:ih:(iw-ih)/2:0","false","false","Reviewed replacement: the exact human demonstration makes Alternating Reverse Lunge with Knee Drive immediately copyable without equipment, support, or excess travel."
"47","Walking with Horizontal Head Turns","Tandem-Stance Head Turns","Balance and vestibular training","TandemHeadTurn","AnteriorLateralNeckAndHyoidMuscles","PosteriorNeckAndSuboccipitalMuscles|DeepAndIntersegmentalBack|AnteriorLateralLowerLegAndDorsalFoot","ScreenRightThenLeft","Repetition","Motion","0","","qH4_IVoWptU.mp4","https://www.youtube.com/watch?v=qH4_IVoWptU","https://www.youtube.com/watch?v=qH4_IVoWptU","12","10","8","crop=ih:ih:(iw-ih)/2:0","false","false","A full human demonstration shows the complete named movement without equipment, support, jumping, travel outside three metres, or hidden resistance."
"56","Hula Kāholo","Shibashi Shallow Squat with Arm Float","Taiji Qigong Shibashi","SquatArmRaise","LateralKneeExtensors","MedialAndDeepKneeExtensors|AbdominalWall|ShoulderAbductors","Continuous","Repetition","Motion","0","","shibashi-set1.mp4","https://www.youtube.com/watch?v=PG1WGuzm7T0","https://www.youtube.com/watch?v=PG1WGuzm7T0","10","8","8","crop=ih:ih:(iw-ih)/2:0","false","false","From a shallow squat, both hands float from thigh level to chest level and return as the knees bend and straighten. Unused chapter; distinct from the retained opening-the-chest form."
"59","Samba no Pé Basic","Shibashi Side Shift with Rainbow Reach","Taiji Qigong Shibashi","SideReach","DeepAndIntersegmentalBack","ShoulderAbductors|HipAbductors|AccessoryHipAdductors|AbdominalWall","Continuous","Repetition","Motion","0","","shibashi-set1.mp4","https://www.youtube.com/watch?v=PG1WGuzm7T0","https://www.youtube.com/watch?v=PG1WGuzm7T0","104","8","8","crop=ih:ih:(iw-ih)/2:0","false","false","The body shifts left and right while the arms make a large overhead rainbow; both directions are visible in the clip. Unused named chapter; no retained catalog name or source interval matches it."
"97","Heel-to-Toe Balance Rocks","Standing Side-Kick Reach","Balance training","SideKickReach","AnteriorLateralLowerLegAndDorsalFoot","CalfDeepPosteriorLegAndPlantarFoot|Soleus","ScreenRightThenLeft","Repetition","Motion","0","","6P_JPNPgXig.mp4","https://www.youtube.com/watch?v=6P_JPNPgXig","https://www.youtube.com/watch?v=6P_JPNPgXig","873","12","8","crop=ih:ih:(iw-ih)/2:0","false","false","A full human demonstration shows the complete named movement without equipment, support, jumping, travel outside three metres, or hidden resistance."
"98","Penguin Balance March","Shibashi Side Shift with Overhead Scoop","Taiji Qigong Shibashi","OverheadScoop","ShoulderAbductors","ScapularGirdle|HipAbductors|AccessoryHipAdductors|AbdominalWall","Alternating","Repetition","Motion","0","","shibashi-set1.mp4","https://www.youtube.com/watch?v=PG1WGuzm7T0","https://www.youtube.com/watch?v=PG1WGuzm7T0","280","8","8","crop=ih:ih:(iw-ih)/2:0","false","false","The demonstrated sequence shifts through both sides inside one uninterrupted cycle, so it uses the alternating one-phase protocol."
"102","Low-Impact Squat Jack","Squat with Overhead Arm Sweep","Bodyweight conditioning","Squat","LateralKneeExtensors","MedialAndDeepKneeExtensors|GlutealExtensors|HipAbductors|ShoulderAbductors|ScapularGirdle","Continuous","Repetition","Motion","0","","growing-nojump.mp4","https://www.youtube.com/watch?v=HuYoYJX9pgU","https://www.youtube.com/watch?v=HuYoYJX9pgU","1950","8","8","crop=ih:ih:(iw-ih)/2:0","","false","The retained human clip plainly cycles through a squat, standing lateral arm sweep, and overhead reach."
"107","Half Squat","Wide Plie Squats","Ballet conditioning","PlieSquat","MedialAndDeepKneeExtensors","LateralKneeExtensors|GlutealExtensors|PelvicFloorAndPerineum","Continuous","Repetition","Motion","0","","2_lCvBvHRFI.mp4","https://www.youtube.com/watch?v=2_lCvBvHRFI","https://www.youtube.com/watch?v=2_lCvBvHRFI","15","20","8","crop=ih:ih:(iw-ih)/2:0","false","false","A full human demonstration shows the complete named movement without equipment, support, jumping, travel outside three metres, or hidden resistance."
"115","Sissy Squat","Pistol Squat","Calisthenics","SingleLegSquat","LateralKneeExtensors","MedialAndDeepKneeExtensors|GlutealExtensors|HipFlexors|AbdominalWall|CalfDeepPosteriorLegAndPlantarFoot","ScreenLeftThenRight","Repetition","Motion","0","","pistol-squat.mp4","https://www.youtube.com/watch?v=H-8t44E0UxA","https://www.youtube.com/watch?v=H-8t44E0UxA","14.35","7.65","20","crop=ih:ih:(iw-ih)/2:0","false","false","A full-body unsupported human completes a controlled one-leg squat and returns to standing while only the planted foot touches the ground; the second side is mirrored."
"116","Cossack Squat","Alternating Cossack Squat","Bodyweight conditioning","CossackSquat","MajorHipAdductors","AccessoryHipAdductors|MedialAndDeepKneeExtensors|LateralKneeExtensors|GlutealExtensors|HipAbductors|DeepHipRotators","Continuous","Repetition","Motion","0","","alternating-cossack-squat-clear.mp4","https://www.youtube.com/watch?v=JdAoCU8wURA","https://www.youtube.com/watch?v=JdAoCU8wURA","0","10.5","8","crop=480:360:80:0","false","false","A full-body human alternates uninterrupted deep Cossack squats with both feet and leg roles continuously visible."
"117","Lateral Squat","Side-Lunge Hold","Bodyweight isometrics","SideLungeHold","LateralKneeExtensors","MedialAndDeepKneeExtensors|GlutealExtensors|MajorHipAdductors|HipAbductors","ScreenRightThenLeft","Hold","Still","5","","lateral-lunge.mp4","https://www.youtube.com/watch?v=Jky9kOx0L84","https://howcast.com/videos/513679-how-to-do-a-side-lunge-warrior-fitness/","68","4","10","","true","true","A full-body human settles into a deep side lunge; the final posture makes the working side, stance, and depth obvious before the timer mirrors it."
"120","Duck Walk","Split Squat Pulse","Bodyweight conditioning","SplitSquatPulse","MedialAndDeepKneeExtensors","LateralKneeExtensors|GlutealExtensors|PosteriorThighAndKneeFlexors|CalfDeepPosteriorLegAndPlantarFoot|AbdominalWall","ScreenRightThenLeft","Repetition","Motion","0","","split-squat-pulse.mp4","https://www.youtube.com/watch?v=Y6YDaqdhJ2U","https://www.youtube.com/watch?v=Y6YDaqdhJ2U","0.2","17.4","8","crop=ih:ih:(iw-ih)/2:0","false","false","Reviewed replacement: the exact human demonstration makes Split Squat Pulse immediately copyable without equipment, support, or excess travel."
"126","Back-Step Side Stretch","Squat to Alternating Side Kick","Bodyweight conditioning","SquatSideKick","HipAbductors","LateralKneeExtensors|MedialAndDeepKneeExtensors|GlutealExtensors|AbdominalWall","Continuous","Repetition","Motion","0","","squat-alternating-side-kick-clear.mp4","https://www.youtube.com/watch?v=7HdqB0YSi1o","https://www.youtube.com/watch?v=7HdqB0YSi1o","0","16.5","8","crop=ih*9/16:ih:(iw-ih*9/16)/2:0","false","false","A full-body human performs a deep bodyweight squat, rises into a controlled side kick, and repeats uninterrupted to the other side. Both feet and kick directions remain visible throughout the quiet, equipment-free sequence."
"133","Goddess Squat to Star Pose","Alternating Lateral Lunge with Overhead Reach","Bodyweight conditioning","LateralLungeReach","AccessoryHipAdductors","MajorHipAdductors|MedialAndDeepKneeExtensors|LateralKneeExtensors|GlutealExtensors|HipAbductors|ShoulderAbductors|ScapularGirdle|AbdominalWall","Continuous","Repetition","Motion","0","","alternating-lateral-lunge-overhead-reach.mp4","https://www.youtube.com/watch?v=6yc3U6qFGvU","https://www.youtube.com/watch?v=6yc3U6qFGvU","0","21.5","8","crop=480:360:80:0","false","false","The unobstructed full-body human alternates side lunges and raises both arms overhead on every repetition."
"135","Mountain Pose to Upward Salute","Overhead Squat Hold","Bodyweight isometrics","OverheadSquatHold","ShoulderAbductors","ScapularGirdle|RotatorCuff|LateralKneeExtensors|MedialAndDeepKneeExtensors|GlutealExtensors|AbdominalWall","Continuous","Hold","Still","38","","bodyweight-overhead-squat.mp4","https://www.youtube.com/watch?v=bRSDiH7cAiM","https://www.youtube.com/watch?v=bRSDiH7cAiM","2","21","10","","","false","A full-body human holds a deep squat with both arms fixed overhead, turning a weak arm gesture into an established whole-body shoulder-stability hold."
"146","Alternating Leg Curl with Back Squeeze","Bodyweight Good Morning","Bodyweight conditioning","HipHinge","PosteriorThighAndKneeFlexors","GlutealExtensors|SpinalExtensors|DeepAndIntersegmentalBack|AbdominalWall","Continuous","Repetition","Motion","0","","bodyweight-good-morning.mp4","https://www.youtube.com/watch?v=nczH_7m1TnI","https://www.youtube.com/watch?v=nczH_7m1TnI","10.5","15.8","8","crop=ih:ih:(iw-ih)/2:0","false","false","Reviewed replacement: the exact human demonstration makes Bodyweight Good Morning immediately copyable without equipment, support, or excess travel."
"150","Cross-Body Hip-Adduction Sweep","Wide-Squat Side-to-Side Shifts","Standing strength and mobility","WideSquatShift","AccessoryHipAdductors","MajorHipAdductors|HipFlexors","Continuous","Repetition","Motion","0","","2_lCvBvHRFI.mp4","https://www.youtube.com/watch?v=2_lCvBvHRFI","https://www.youtube.com/watch?v=2_lCvBvHRFI","465","20","8","crop=ih:ih:(iw-ih)/2:0","false","false","A full human demonstration shows the complete named movement without equipment, support, jumping, travel outside three metres, or hidden resistance."
"159","Standing Fire Hydrant","Standing Hamstring Curl to Diagonal Extension","Standing strength and balance","LegCurlExtension","PosteriorThighAndKneeFlexors","GlutealExtensors|HipAbductors|DeepHipRotators|AbdominalWall","ScreenRightThenLeft","Repetition","Motion","0","","standing-fire-hydrant-no-equipment.mp4","https://www.youtube.com/watch?v=_nDwMxCHLnA","https://www.youtube.com/watch?v=_nDwMxCHLnA","0","11","10","","","true","The retained one-sided human clip clearly bends the raised knee and extends the foot diagonally back; the timed-side protocol supplies the other side."
"169","Standing Knee Drive","High-Knee Pulldown March","Low-impact conditioning","HighKneePulldown","HipFlexors","AbdominalWall","Continuous","Repetition","Motion","0","","FGB_9YVUmfY.mp4","https://www.youtube.com/watch?v=FGB_9YVUmfY","https://www.youtube.com/watch?v=FGB_9YVUmfY","75","25","8","crop=ih:ih:(iw-ih)/2:0","false","false","A full human demonstration shows the complete named movement without equipment, support, jumping, travel outside three metres, or hidden resistance."
"176","Alternating Back Kick","Shibashi Squat with Diagonal Torso Turn","Taiji Qigong Shibashi","TorsoRotation","DeepHipRotators","DeepAndIntersegmentalBack|RotatorCuff|ScapularGirdle|AbdominalWall","Alternating","Repetition","Motion","0","","shibashi-set1.mp4","https://www.youtube.com/watch?v=PG1WGuzm7T0","https://www.youtube.com/watch?v=PG1WGuzm7T0","315","8","8","crop=ih:ih:(iw-ih)/2:0","false","false","From a shallow squat, the torso and both hands turn through both rear diagonals inside the same loop, so the demonstrated Shibashi pattern is alternating rather than a one-side phase."
"177","Roundhouse Kick Chamber","Standing Hip Airplane","Hip stability training","HipAirplane","DeepHipRotators","HipAbductors|GlutealExtensors|PosteriorThighAndKneeFlexors|SpinalExtensors|DeepAndIntersegmentalBack|AbdominalWall|CalfDeepPosteriorLegAndPlantarFoot","ScreenRightThenLeft","Repetition","Motion","0","","standing-hip-airplane-full-body.mp4","https://www.youtube.com/watch?v=orlH8p9llo4","https://www.youtube.com/watch?v=orlH8p9llo4","0","12","8","crop=ih*4/3:ih:0:0","false","false","Reviewed replacement: a single unsupported demonstrator keeps the planted foot, lifted leg, torso, and arm relationship visible throughout the Standing Hip Airplane."
"179","Axe-Kick Leg Raise","Hip-Hinge Rear-Leg Raises","Standing posterior-chain conditioning","HipHingeRearLegRaise","PosteriorThighAndKneeFlexors","HipFlexors|MedialAndDeepKneeExtensors|LateralKneeExtensors","ScreenLeftThenRight","Repetition","Motion","0","","2_lCvBvHRFI.mp4","https://www.youtube.com/watch?v=2_lCvBvHRFI","https://www.youtube.com/watch?v=2_lCvBvHRFI","315","20","8","crop=ih:ih:(iw-ih)/2:0","false","false","A full human demonstration shows the complete named movement without equipment, support, jumping, travel outside three metres, or hidden resistance."
"180","Karate Front Snap Kick","Standing Front Snap Kicks","Karate","FrontSnapKick","LateralKneeExtensors","MedialAndDeepKneeExtensors|HipFlexors","ScreenRightThenLeft","Repetition","Motion","0","","chuck-norris-private-lesson.mp4","https://www.youtube.com/watch?v=TIo6D2CO6uI","https://www.youtube.com/watch?v=TIo6D2CO6uI","1050.4","10.4","8","crop=ih:ih:(iw-ih)/2:0","false","false","A full human demonstration shows the complete named movement without equipment, support, jumping, travel outside three metres, or hidden resistance."
"182","Taekwondo Front-Kick Chamber","Capoeira Armada de Frente","Capoeira","MartialKick","HipFlexors","DeepHipRotators|AbdominalWall|HipAbductors|MajorHipAdductors","ScreenRightThenLeft","Repetition","Motion","0","","capoeira-armada-de-frente.mp4","https://www.youtube.com/watch?v=yVmPHq_VJ2Y","https://www.youtube.com/watch?v=yVmPHq_VJ2Y","3","13.5","8","crop=ih:ih:(iw-ih)/2:0","false","false","Reviewed replacement: the exact human demonstration makes Capoeira Armada de Frente immediately copyable without equipment, support, or excess travel."
"183","Taekwondo Side-Kick Chamber","Capoeira Queixada","Capoeira","MartialKick","HipAbductors","HipFlexors|DeepHipRotators|MajorHipAdductors|AbdominalWall|GlutealExtensors","ScreenRightThenLeft","Repetition","Motion","0","","capoeira-queixada.mp4","https://www.youtube.com/watch?v=msq6643BIGs","https://www.youtube.com/watch?v=msq6643BIGs","3","13.5","8","crop=ih:ih:(iw-ih)/2:0","false","false","Reviewed replacement: the exact human demonstration makes Capoeira Queixada immediately copyable without equipment, support, or excess travel."
"184","Tai Chi Heel Kick","Split-Squat Hold","Bodyweight isometrics","SplitSquatHold","MedialAndDeepKneeExtensors","LateralKneeExtensors|GlutealExtensors|PosteriorThighAndKneeFlexors|CalfDeepPosteriorLegAndPlantarFoot|AbdominalWall","ScreenRightThenLeft","Hold","Still","50","","split-squat-pulse.mp4","https://www.youtube.com/watch?v=Y6YDaqdhJ2U","https://www.youtube.com/watch?v=Y6YDaqdhJ2U","0.2","17.4","8","crop=480:360:0:0","false","false","A tightly cropped full-body human holds the bottom of a split squat with both feet and knee positions visible; the app mirrors the settled posture for the second side."
"185","Tai Chi Toe Kick","Shibashi Side-to-Side Cloud Hands","Taiji Qigong Shibashi","CloudHands","DeepHipRotators","DeepAndIntersegmentalBack|HipAbductors|AccessoryHipAdductors|ScapularGirdle|RotatorCuff","Continuous","Repetition","Motion","0","","shibashi-set1.mp4","https://www.youtube.com/watch?v=PG1WGuzm7T0","https://www.youtube.com/watch?v=PG1WGuzm7T0","390","8","8","crop=ih:ih:(iw-ih)/2:0","false","false","The body shifts side to side and rotates while the hands pass one another in large horizontal circles. Unused named chapter; distinct from retained generic torso twists and arm swings."
"186","Tai Chi Lotus Kick","Hip-Airplane Hold","Hip stability training","HipAirplaneHold","DeepHipRotators","HipFlexors|HipAbductors|GlutealExtensors|PosteriorThighAndKneeFlexors|SpinalExtensors|DeepAndIntersegmentalBack|AbdominalWall|CalfDeepPosteriorLegAndPlantarFoot","ScreenRightThenLeft","Hold","Still","50","","standing-hip-airplane-full-body.mp4","https://www.youtube.com/watch?v=orlH8p9llo4","https://www.youtube.com/watch?v=orlH8p9llo4","0","12","8","crop=480:360:0:0","false","false","A single unsupported full-body human settles into the open hip-airplane position; the long-lever balance posture is complete in one frame and mirrors cleanly."
"187","Second-Position Relevé Rise and Lower","Standing Heel-and-Toe Raises","Calf and ankle strengthening","HeelToeRaise","CalfDeepPosteriorLegAndPlantarFoot","Soleus|AnteriorLateralLowerLegAndDorsalFoot","Continuous","Repetition","Motion","0","","standing-heel-toe-raises.mp4","https://www.youtube.com/watch?v=hO69CIffzpY","https://www.youtube.com/watch?v=hO69CIffzpY","1.5","17.5","8","crop=ih*0.62:ih*0.62:(iw-ih*0.62)/2:ih*0.38","false","false","Reviewed replacement: the exact human demonstration makes Standing Heel-and-Toe Raises immediately copyable without equipment, support, or excess travel."
"191","Ballet Tendu Devant","Unsupported Standing Toe Raises","Foot and ankle strengthening","ToeRaise","AnteriorLateralLowerLegAndDorsalFoot","","Continuous","Repetition","Motion","0","","unsupported-standing-toe-raises.mp4","https://www.youtube.com/watch?v=3dq8XJKZr2U","https://www.youtube.com/watch?v=3dq8XJKZr2U","0.5","17.5","8","crop=ih:ih:iw-ih:0","false","false","Reviewed replacement: the exact human demonstration makes Unsupported Standing Toe Raises immediately copyable without equipment, support, or excess travel."
"192","Ballet Tendu a la Seconde","Alternating Lateral Lunge with Knee Drive","Bodyweight conditioning","LateralLungeKneeDrive","AccessoryHipAdductors","MajorHipAdductors|MedialAndDeepKneeExtensors|LateralKneeExtensors|GlutealExtensors|HipAbductors|HipFlexors|AbdominalWall|CalfDeepPosteriorLegAndPlantarFoot","Continuous","Repetition","Motion","0","","alternating-lateral-lunge-knee-drive.mp4","https://www.youtube.com/watch?v=tPQ53p6Pt38","https://www.youtube.com/watch?v=tPQ53p6Pt38","3.5","19","8","crop=ih:ih:(iw-ih)/2:0","false","false","Reviewed replacement: the exact human demonstration makes Alternating Lateral Lunge with Knee Drive immediately copyable without equipment, support, or excess travel."
"193","Ballet Tendu Derriere","Wide-Squat Floor-to-Overhead Reach","Standing mobility","SquatOverheadReach","SpinalExtensors","PosteriorThighAndKneeFlexors|GlutealExtensors|AbdominalWall|ShoulderAbductors","Continuous","Repetition","Motion","0","","6P_JPNPgXig.mp4","https://www.youtube.com/watch?v=6P_JPNPgXig","https://www.youtube.com/watch?v=6P_JPNPgXig","248","12","8","crop=ih:ih:(iw-ih)/2:0","false","false","A full human demonstration shows the complete named movement without equipment, support, jumping, travel outside three metres, or hidden resistance."
"194","Ballet Degage Devant","Heel Walks","Gait retraining","HeelWalk","AnteriorLateralLowerLegAndDorsalFoot","DeepAndIntersegmentalBack","Continuous","Repetition","Motion","0","","heel-walks.mp4","https://www.youtube.com/watch?v=TMHQy60monc","https://www.youtube.com/watch?v=TMHQy60monc","0.3","13.6","8","crop=ih:ih:(iw-ih)/2:0","false","false","Reviewed replacement: the exact human demonstration makes Heel Walks immediately copyable without equipment, support, or excess travel."
"195","Ballet Degage a la Seconde","Side Lunge to Knee-Up Balance","Balance training","LateralLungeKneeUpBalance","HipAbductors","MajorHipAdductors|AccessoryHipAdductors|MedialAndDeepKneeExtensors|LateralKneeExtensors|GlutealExtensors|DeepHipRotators|HipFlexors|CalfDeepPosteriorLegAndPlantarFoot|AnteriorLateralLowerLegAndDorsalFoot|AbdominalWall","Alternating","Repetition","Motion","0","","side-lunge-knee-up-balance.mp4","https://www.youtube.com/watch?v=VVximx-YWeg","https://www.youtube.com/watch?v=VVximx-YWeg","0","15","10","crop=ih:ih:(iw-ih)/2:0","false","false","The full-body loop performs the side-lunge-to-knee-up pattern on both sides in alternation, so it belongs in one continuous movement phase rather than duplicated unilateral timers."
"196","Ballet Degage Derriere","B-Stance Squat","Bodyweight conditioning","BStanceSquat","GlutealExtensors","MedialAndDeepKneeExtensors|LateralKneeExtensors|HipAbductors|DeepHipRotators|AbdominalWall","ScreenRightThenLeft","Repetition","Motion","0","","bodyweight-b-stance-squat.mp4","https://www.youtube.com/watch?v=AIM8I8e2PHg","https://www.youtube.com/watch?v=AIM8I8e2PHg","4","15.5","8","crop=ih:ih:(iw-ih)/2:0","false","false","Reviewed replacement: the exact human demonstration makes B-Stance Squat immediately copyable without equipment, support, or excess travel."
"199","Horse-Stance Knee Bend","Wide-Stance Side-to-Side Squat","Bodyweight strength","SideLunge","AccessoryHipAdductors","MajorHipAdductors|MedialAndDeepKneeExtensors|LateralKneeExtensors|GlutealExtensors|HipAbductors","Continuous","Repetition","Motion","0","","horse-stance-knee-bend.mp4","https://www.youtube.com/watch?v=chzrS75C8a4","https://www.youtube.com/watch?v=chzrS75C8a4","1.5","7.25","12","","","false","The retained human clip keeps both feet planted in a wide stance while alternating a deep squat from one side through center to the other."
"201","Alternating Boxing Jab","Wide-Stance Tiptoe Hold","Calf isometrics","WideStanceTiptoeHold","CalfDeepPosteriorLegAndPlantarFoot","Soleus|MajorHipAdductors|AccessoryHipAdductors|MedialAndDeepKneeExtensors|LateralKneeExtensors|GlutealExtensors|AbdominalWall","Continuous","Hold","Still","5","","sumo-squat-calf-raise-exact.mp4","https://www.youtube.com/watch?v=Ca6XoQfOJ04","https://www.youtube.com/watch?v=Ca6XoQfOJ04","5","0.5","20","crop=300:300:170:50","false","false","A clean front-view crop shows both heels visibly raised in a wide turned-out stance; no choreography, title overlay, or hidden effort is required."
"203","Alternating Boxing Hook","Shibashi Split-Stance Wing Open","Taiji Qigong Shibashi","ChestOpen","ShoulderAdductorsAndExtensors","ScapularGirdle|ShoulderAbductors|Chest|GlutealExtensors|MedialAndDeepKneeExtensors|LateralKneeExtensors","ScreenLeftThenRight","Repetition","Motion","0","","shibashi-set1.mp4","https://www.youtube.com/watch?v=PG1WGuzm7T0","https://www.youtube.com/watch?v=PG1WGuzm7T0","500","8","8","crop=ih:ih:(iw-ih)/2:0","false","false","From a bent-knee staggered stance, both arms open broadly to the sides and close again as the weight shifts. Unused named chapter; one-side clip is suitable for the existing timed-side protocol."
"211","Karate Backfist Strike (Uraken-Uchi)","Bent-Elbow Wrist-Flexion Stretch","Wrist stretching","WristFlexionStretch","ForearmExtensorsAndSupinators","IntrinsicHand","ScreenLeftThenRight","Hold","Still","50","","assisted-wrist-flexion-extension-glides.mp4","https://www.youtube.com/watch?v=4ZCF49cyjFk","https://www.youtube.com/watch?v=4ZCF49cyjFk","47","1","10","crop=540:540:280:170","false","false","A close human view shows the opposite hand holding the bent working wrist downward in flexion; the static endpoint and timed side change are immediately readable."
"212","Karate Palm-Heel Strike (Teisho)","Unsupported Sissy Squat","Bodyweight strength","SissySquat","LateralKneeExtensors","MedialAndDeepKneeExtensors|Soleus|AbdominalWall","Continuous","Repetition","Motion","0","","unsupported-sissy-squat.mp4","https://www.youtube.com/watch?v=O5pGabUeFtg","https://www.youtube.com/watch?v=O5pGabUeFtg","3.25","14.5","8","crop=ih:ih:(iw-ih)/2:0","false","false","A full-body unsupported human completes four controlled sissy-squat repetitions: heels rise, knees travel forward, the extended hips and trunk lean back together, and only the feet contact the floor."
"213","Karate Hammer-Fist Strike (Tetsui-Uchi)","Bent-Elbow Wrist-Extension Stretch","Wrist stretching","WristExtensionStretch","ForearmFlexorsAndPronators","IntrinsicHand","ScreenLeftThenRight","Hold","Still","50","","assisted-wrist-flexion-extension-glides.mp4","https://www.youtube.com/watch?v=4ZCF49cyjFk","https://www.youtube.com/watch?v=4ZCF49cyjFk","49","1","10","crop=540:540:280:170","false","false","A close human view shows the opposite hand holding the bent working wrist back in extension; the static endpoint and timed side change are immediately readable."
"214","Wing Chun Biu-Sau Palm Strike","Inward Wrist Circles","Hand mobility","WristCircle","ForearmFlexorsAndPronators","ForearmExtensorsAndSupinators","ScreenRightThenLeft","Repetition","Motion","0","","standing-wrist-circles.mp4","https://www.youtube.com/watch?v=wRSk1_C6yOM","https://www.youtube.com/watch?v=wRSk1_C6yOM","0.5","18","10","crop=ih:ih:(iw-ih)/2:0","false","false","The close human-hand demonstration repeatedly traces large, visible inward wrist circles; the timed second side supplies the other hand."
"215","Self-Resisted Wrist Radial-Deviation Pulses","Forearm Pronation-Supination Flow","Forearm mobility","ForearmRotation","ForearmFlexorsAndPronators","ForearmExtensorsAndSupinators","ScreenRightThenLeft","Repetition","Motion","0","","airborne-forearm-pronation-supination.mp4","https://www.youtube.com/watch?v=TaUlull7E5M","https://www.youtube.com/watch?v=TaUlull7E5M","9","8","10","crop=ih*0.56:ih*0.56:(iw-ih*0.56)/2:ih*0.22","false","false","A close human demonstration repeatedly turns one forearm from palm-down to palm-up and back; the timed second phase mirrors the same visible path for the other arm."
"216","Self-Resisted Wrist Ulnar-Deviation Pulses","Interlaced-Finger Palm-Out Stretch","Standing hand and wrist stretching","WristAndFingerFlexorStretch","ForearmFlexorsAndPronators","IntrinsicHand","Continuous","Hold","Still","78","","interlace-stretch-palm-forward.mp4","https://www.youtube.com/watch?v=S8gRGv_yPLI","https://www.youtube.com/watch?v=S8gRGv_yPLI","10","24","8","crop=400:360:240:0","false","false","The tight side view shows interlaced fingers, both palms turned outward, and straight arms settled at end range, making the symmetric stretch readable in one frame."
"217","Self-Resisted Wrist-Extension Pulses","Tree Pose Hold","Yoga","BalanceHold","HipAbductors","DeepHipRotators|GlutealExtensors|CalfDeepPosteriorLegAndPlantarFoot|AnteriorLateralLowerLegAndDorsalFoot|AbdominalWall","ScreenLeftThenRight","Hold","Still","50","","yoga-pose-sequence.mp4","https://www.youtube.com/watch?v=KW3j6P6RGLo","https://www.youtube.com/watch?v=KW3j6P6RGLo","96","18","8","crop=ih:ih:(iw-ih)/2:0","false","true","A full-body human settles into a recognizable unsupported tree pose; the one-leg balance demand is obvious and the second timed side is mirrored."
"218","Self-Resisted Wrist-Flexion Pulses","Sequential Finger Waves","Hand coordination","SequentialFingerWave","IntrinsicHand","ForearmFlexorsAndPronators|ForearmExtensorsAndSupinators","Continuous","Repetition","Motion","0","","sequential-finger-waves.mp4","https://www.youtube.com/watch?v=8G3iErBm3co","https://www.youtube.com/watch?v=8G3iErBm3co","36","32","10","crop=iw:ih*29/36:0:ih/18","false","false","Both human hands visibly open and close one finger joint at a time in a repeated wave, replacing an imperceptible little-finger force with clear coordination work."
"219","Four-Way Self-Resisted Wrist Sequence","Alternating High-Knee Cross-Body Pull","Low-impact conditioning","HighKneeCrossBodyPull","ShoulderAdductorsAndExtensors","AbdominalWall|MedialAndDeepKneeExtensors|LateralKneeExtensors","Alternating","Repetition","Motion","0","","6P_JPNPgXig.mp4","https://www.youtube.com/watch?v=6P_JPNPgXig","https://www.youtube.com/watch?v=6P_JPNPgXig","759","12","8","crop=ih:ih:(iw-ih)/2:0","false","false","The source alternates knee drives and cross-body pulls within the packaged loop, so it runs as one continuous alternating phase."
"220","Interlocked Hook-Fist Pull-Apart Isometric","Karate Rising Block","Karate","RisingBlock","ElbowFlexors","ForearmFlexorsAndPronators|IntrinsicHand|ShoulderAdductorsAndExtensors|ScapularGirdle|RotatorCuff","ScreenRightThenLeft","Repetition","Motion","0","","karate-rising-block-stationary.mp4","https://www.youtube.com/watch?v=OsvaPYUBnFY","https://www.youtube.com/watch?v=OsvaPYUBnFY","102.25","4.75","10","crop=ih:ih:(iw-ih)/2:0","false","false","A stationary full-body human demonstrates one complete rising-block repetition at normal practice speed. Both feet remain fixed, the working screen-right arm is unobscured, and runtime mirroring supplies the opposite side."
"223","Alternating Karate Inside Block (Uchi-Uke)","Inward Controlled Wrist Circles","Wrist mobility","WristCAR","ForearmExtensorsAndSupinators","ForearmFlexorsAndPronators|ElbowFlexors","ScreenLeftThenRight","Repetition","Motion","0","","standing-wrist-cars.mp4","https://www.youtube.com/watch?v=fFp6Y-OzC-U","https://www.youtube.com/watch?v=fFp6Y-OzC-U","4","28","8","crop=ih:ih:(iw-ih)/2:0","false","false","A human slowly carries the active wrist through a large inward circle; the timed second side supplies the other hand."
"224","Alternating Karate Downward Sweep Block (Gedan-Barai)","Qigong Interlaced Wrist Rolls","Qigong","InterlacedWristRoll","ForearmExtensorsAndSupinators","ForearmFlexorsAndPronators","Continuous","Repetition","Motion","0","","qigong-interlaced-wrist-rolls.mp4","https://www.youtube.com/watch?v=mlD8wFbZzRk","https://www.youtube.com/watch?v=mlD8wFbZzRk","25","30","8","crop=ih*0.72:ih*0.72:(iw-ih*0.72)/2:ih*0.08","false","false","The human interlaces the fingers and rolls the joined hands through a large repeated path, shown close enough for the hand relationship to remain readable."
"225","Karate Knife-Hand Block (Shuto-Uke)","Opposite-Hand Fist-Down Wrist Stretch","Wrist mobility","WristFlexionStretch","ForearmExtensorsAndSupinators","IntrinsicHand","ScreenLeftThenRight","Hold","Still","58","","clenched-fist-wrist-extensor-stretch.mp4","https://www.youtube.com/watch?v=oleNl_q1K2k","https://www.youtube.com/watch?v=oleNl_q1K2k","100","10","8","crop=ih:ih:(iw-ih)/2:0","false","true","A standing human makes a fist and uses the opposite hand to hold it downward. The literal name now describes exactly what the silent final image shows."
"227","Standing Palm-Press Pulses","Rotating Relaxed Arm Swings","Qigong shoulder mobility","TorsoRotation","DeepAndIntersegmentalBack","RotatorCuff|ScapularGirdle|AbdominalWall","Continuous","Repetition","Motion","0","","ldUwIBccnuw.mp4","https://www.youtube.com/watch?v=ldUwIBccnuw","https://www.youtube.com/watch?v=ldUwIBccnuw","79","8","8","crop=ih:ih:(iw-ih)/2:0","false","false","The torso rotates left and right while relaxed arms swing around and lightly wrap across the front and back of the body. The source explicitly names the movement; its loose wraparound arm swing is absent from the retained catalog."
"228","Boxing Cross","Bent-Elbow External Rotation","Shoulder rehabilitation","ShoulderRotation","RotatorCuff","ScapularGirdle","Continuous","Repetition","Motion","0","","ldUwIBccnuw.mp4","https://www.youtube.com/watch?v=ldUwIBccnuw","https://www.youtube.com/watch?v=ldUwIBccnuw","348","8","8","crop=ih:ih:(iw-ih)/2:0","false","false","With elbows pinned to the ribs and palms up, both forearms rotate outward and return while the shoulder blades squeeze. Distinct from the retained self-resisted isometric and T-position shoulder rotation."
"230","Boxing Overhand","Prayer Press Raise","Standing upper-body conditioning","PrayerPressRaise","Chest","ElbowExtensors|ShoulderAdductorsAndExtensors|AbdominalWall","Continuous","Repetition","Motion","0","","kfP_9z-BtmA.mp4","https://www.youtube.com/watch?v=kfP_9z-BtmA","https://www.youtube.com/watch?v=kfP_9z-BtmA","226","22","8","crop=ih:ih:(iw-ih)/2:0","false","false","A full human demonstration shows the complete named movement without equipment, support, jumping, travel outside three metres, or hidden resistance."
"231","Step-Through Karate Reverse Punch","Karate Reverse Punch","Karate conditioning","ReversePunch","ElbowExtensors","Chest|ForearmFlexorsAndPronators|ShoulderAbductors|ScapularGirdle|RotatorCuff|IntrinsicHand|AbdominalWall","ScreenRightThenLeft","Repetition","Motion","0","","shukokai-reverse-punch.mp4","https://www.youtube.com/watch?v=eSC8onSssR8","https://www.youtube.com/watch?v=eSC8onSssR8","0.2","8","10","crop=ih:ih:(iw-ih)/2:0","false","false","A lone full-body karate practitioner stays planted in a forward stance and repeatedly drives the rear hand through a complete reverse punch and return at natural speed. The punch, stance and hip rotation are visible without equipment or obstruction; the second timer phase mirrors the working side."
"232","Karate Knife-Hand Chop","Extended Side Angle Hold","Yoga","SideAngleHold","LateralKneeExtensors","MedialAndDeepKneeExtensors|MajorHipAdductors|GlutealExtensors|HipAbductors|AbdominalWall","ScreenLeftThenRight","Hold","Still","80","","yoga-pose-sequence.mp4","https://www.youtube.com/watch?v=KW3j6P6RGLo","https://www.youtube.com/watch?v=KW3j6P6RGLo","372","22","8","crop=ih:ih:(iw-ih)/2:0","false","true","A full-body human settles into a recognizable extended side angle with a deep front-knee bend and long overhead reach; both feet and the complete stance remain visible."
"233","Karate Ridge-Hand Strike (Haito-Uchi)","Standing Wrist Flexion Stretch","Standing hand and wrist stretching","WristFlexionStretch","ForearmExtensorsAndSupinators","IntrinsicHand","ScreenLeftThenRight","Hold","Still","65","","standing-wrist-flexion-stretch.mp4","https://www.youtube.com/watch?v=aqOwOtchot0","https://www.youtube.com/watch?v=aqOwOtchot0","3","18","8","crop=ih:ih:(iw-ih)/2:0","false","false","The opposite hand draws the working wrist and fingers into a settled downward bend, making the extensor stretch and working side readable in one frame."
"234","Karate Flat-Fist Strike (Hiraken)","Straight Fingers to Knuckle Bend","Hand and forearm mobility","KnuckleBend","ForearmFlexorsAndPronators","IntrinsicHand|ForearmExtensorsAndSupinators","ScreenLeftThenRight","Repetition","Motion","0","","straight-hand-knuckle-bend-flow.mp4","https://www.youtube.com/watch?v=Tsxd2u57Rrg","https://www.youtube.com/watch?v=Tsxd2u57Rrg","47","9.5","10","crop=ih*65/72:ih*65/72:iw*25/64:ih*7/144","false","false","A close human hand moves repeatedly from straight fingers to a clear knuckle bend and back; the literal name matches the visible path."
"236","Karate Spear-Hand Strike (Nukite)","Bilateral Wrist Figure Eights","Wrist mobility","WristFigureEight","ForearmExtensorsAndSupinators","IntrinsicHand|ForearmFlexorsAndPronators","Continuous","Repetition","Motion","0","","bilateral-wrist-figure-eights.mp4","https://www.youtube.com/watch?v=zOu0WqtV4GM","https://www.youtube.com/watch?v=zOu0WqtV4GM","5","30","10","crop=ih*9/10:ih*9/10:(iw-ih*9/10)/2:ih/20","false","false","Both human wrists continuously trace large, visible figure-eight paths together."
"237","Forearm Pronation and Supination","Sequential Finger Curl Waves","Hand coordination","FingerWaveRotation","ForearmExtensorsAndSupinators","IntrinsicHand|ForearmFlexorsAndPronators","Continuous","Repetition","Motion","0","","wrist-and-finger-wave-rotations.mp4","https://www.youtube.com/watch?v=5WhZjAgg4-g","https://www.youtube.com/watch?v=5WhZjAgg4-g","26","24","10","crop=ih:ih:(iw-ih)/2:0","false","false","A close human demonstration curls the fingers one joint at a time and reverses the wave through both hands; the moving sequence is visible without imagined resistance."
"239","Ninja Fireball Hand-Seal Sequence","Tabletop Tendon Glide","Hand therapy","TabletopTendonGlide","IntrinsicHand","ForearmFlexorsAndPronators|ForearmExtensorsAndSupinators","ScreenRightThenLeft","Repetition","Motion","0","","ZT4lKQ1GcEc.mp4","https://www.youtube.com/watch?v=ZT4lKQ1GcEc","https://www.youtube.com/watch?v=ZT4lKQ1GcEc","124","9","10","crop=ih:ih:(iw-ih)/2:0","true","false","A full human demonstration shows the complete named movement without equipment, support, jumping, travel outside three metres, or hidden resistance."
"240","Ninja Shadow-Possession Hand-Seal Sequence","Hook Fingers to Full Fist","Hand therapy tendon gliding","FingerMotion","ForearmFlexorsAndPronators","IntrinsicHand|ForearmExtensorsAndSupinators","Continuous","Repetition","Motion","0","","hook-to-fist-tendon-glides.mp4","https://www.youtube.com/watch?v=2G6pHQJEbWQ","https://www.youtube.com/watch?v=2G6pHQJEbWQ","139","12","10","crop=ih*17/18:ih*3/4:(iw-ih*17/18)/2:ih*5/72,crop=iw*0.88:ih:iw*0.10:0","false","false","Both human hands visibly change from hooked fingers to a full fist and reopen, so the complete repetition is readable without narration or hidden force."
"241","Ninja Water-Dragon 44 Hand-Seal Sequence","Open Hand to Hook Fist","Hand therapy","HookFistTendonGlide","IntrinsicHand","ForearmFlexorsAndPronators|ForearmExtensorsAndSupinators","ScreenRightThenLeft","Repetition","Motion","0","","ZT4lKQ1GcEc.mp4","https://www.youtube.com/watch?v=ZT4lKQ1GcEc","https://www.youtube.com/watch?v=ZT4lKQ1GcEc","136","10","10","crop=ih:ih:(iw-ih)/2:0","true","false","The literal name states the two visible hand positions, removing specialist tendon-glide terminology from an otherwise exact human demonstration."
"242","Ninja Shadow-Clone Hand-Seal Sequence","Open Hand to Full Fist","Hand therapy","FullFistTendonGlide","IntrinsicHand","ForearmFlexorsAndPronators|Chest","ScreenRightThenLeft","Repetition","Motion","0","","ZT4lKQ1GcEc.mp4","https://www.youtube.com/watch?v=ZT4lKQ1GcEc","https://www.youtube.com/watch?v=ZT4lKQ1GcEc","166","9","10","crop=ih:ih:(iw-ih)/2:0","true","false","The literal name states the two visible hand positions, so the exact human demonstration is copyable without knowing therapy terminology."
"245","Alternating Karate Rising Block (Age-Uke)","Straight-Punch to Shovel-Hook Combo","Boxing","ShovelHookCombo","Chest","ForearmFlexorsAndPronators|ForearmExtensorsAndSupinators|IntrinsicHand|ElbowFlexors|AbdominalWall|ElbowExtensors","ScreenRightThenLeft","Repetition","Motion","0","","standing-shovel-hooks.mp4","https://www.youtube.com/watch?v=_LKGaPiU4Ho","https://www.youtube.com/watch?v=_LKGaPiU4Ho","63.1","14.5","10","crop=ih:ih:(iw-ih)/2:0","false","false","A full-body boxer repeatedly throws a straight punch followed by a rising shovel hook without a bag or partner; the chest is the clearest shared driver across both punches."
"246","Alternating Karate Outside Block (Soto-Uke)","Bodyweight Cuban Rotation","Shoulder mobility and conditioning","CubanRotation","RotatorCuff","ShoulderAbductors|ScapularGirdle","Continuous","Repetition","Motion","0","","bodyweight-cuban-rotation.mp4","https://www.youtube.com/watch?v=u100djIynM8","https://www.youtube.com/watch?v=u100djIynM8","0","13","8","crop=ih:ih:(iw-ih)/2:0","true","false","A full standing human keeps both elbows lifted at shoulder height and repeatedly rotates the forearms from down to up. The named bodyweight Cuban rotation gives the rotator cuff a clear continuous task with both feet and the entire stance visible."
"248","Standing Palm-Press Hold","Side-Tap Palm Pushes","Low-impact conditioning","SideTapPalmPush","Chest","ElbowExtensors|ForearmFlexorsAndPronators|IntrinsicHand|ShoulderAbductors","ScreenRightThenLeft","Repetition","Motion","0","","6P_JPNPgXig.mp4","https://www.youtube.com/watch?v=6P_JPNPgXig","https://www.youtube.com/watch?v=6P_JPNPgXig","1043","12","8","crop=ih:ih:(iw-ih)/2:0","false","false","The source repeats the screen-right side tap and palm push; the timed second phase mirrors the complete movement for the other side."
"251","Waiter's Bow","Forward Fold to Overhead Reach","Standing mobility","ForwardFoldOverheadReach","SpinalExtensors","DeepAndIntersegmentalBack|PosteriorThighAndKneeFlexors|GlutealExtensors|AbdominalWall|ShoulderAbductors|ScapularGirdle","Continuous","Repetition","Motion","0","","forward-fold-to-overhead-reach.mp4","https://www.youtube.com/watch?v=Busj2ROaneY","https://www.youtube.com/watch?v=Busj2ROaneY","1.76","4","10","crop=ih:ih:(iw-ih)/2:0","false","false","A full shod human repeatedly moves from a complete forward fold through a broad arm sweep to an overhead reach and returns to the same folded pose; the phase-matched cut loops naturally without travel, equipment, or support."
"256","Self-Resisted Overhead Pull Hold","Overhead Side-Stretch Hold","Standing stretching","OverheadSideStretch","ShoulderAdductorsAndExtensors","ScapularGirdle|ShoulderAbductors|AbdominalWall|DeepAndIntersegmentalBack","ScreenRightThenLeft","Hold","Still","50","","alternating-overhead-side-stretch.mp4","https://www.youtube.com/watch?v=gTEBlnqcJ2c","https://www.youtube.com/watch?v=gTEBlnqcJ2c","14","10","8","crop=ih:ih:(iw-ih)/2:0","false","false","A full-body human clasps both hands overhead and settles into a clear side bend; the second timer phase mirrors the posture."
"257","Self-Resisted Chest-Level Pull Hold","Finger Spread to Interlace Stretch","Hand mobility","FingerSpreadInterlace","IntrinsicHand","ForearmFlexorsAndPronators|ForearmExtensorsAndSupinators","Continuous","Repetition","Motion","0","","finger-spread-interlace-stretch.mp4","https://www.youtube.com/watch?v=2G6pHQJEbWQ","https://www.youtube.com/watch?v=2G6pHQJEbWQ","399","9","10","crop=ih*17/18:ih*13/18:iw*41/128:ih/9","true","false","Both human hands spread fully, interlace, and reopen through a large visible cycle; the name states exactly what to copy."
"258","Self-Resisted Low Pull Hold","Karate Downward Block","Karate","DownwardBlock","ShoulderAdductorsAndExtensors","ScapularGirdle|ElbowExtensors|ForearmFlexorsAndPronators|IntrinsicHand|ElbowFlexors","ScreenRightThenLeft","Repetition","Motion","0","","karate-downward-block-stationary.mp4","https://www.youtube.com/watch?v=e0agRp6SGwY","https://www.youtube.com/watch?v=e0agRp6SGwY","62","4.25","10","","false","false","A stationary full-body human demonstrates one complete downward-block repetition at normal practice speed. Both feet remain fixed, the working screen-right arm is unobscured, and runtime mirroring supplies the opposite side."
"260","Behind-the-Back Self-Resisted Press","Dancer Pose Hold","Yoga","DancerPose","HipFlexors","LateralKneeExtensors|MedialAndDeepKneeExtensors|GlutealExtensors|SpinalExtensors|DeepAndIntersegmentalBack|HipAbductors|AbdominalWall|CalfDeepPosteriorLegAndPlantarFoot","ScreenRightThenLeft","Hold","Still","50","","dancer-pose-yyoga.mp4","https://www.youtube.com/watch?v=aAgvS7xDvN0","https://www.youtube.com/watch?v=aAgvS7xDvN0","142","6","8","crop=ih:ih:(iw-ih)/2:0","false","false","The settled full-body human binds one lifted foot behind the body, extends the opposite arm overhead, and balances unsupported in a clear dancer pose; the second phase mirrors the exact posture."
"262","Standing Scapular Depression","Standing Bicycle Crunches","Standing core conditioning","StandingBicycleCrunch","AbdominalWall","HipFlexors|ElbowExtensors|SpinalExtensors","Continuous","Repetition","Motion","0","","QDezRfZvzcQ.mp4","https://www.youtube.com/watch?v=QDezRfZvzcQ","https://www.youtube.com/watch?v=QDezRfZvzcQ","0.5","9","10","crop=ih:ih:(iw-ih)/2:0","false","false","A full human demonstration shows the complete named movement without equipment, support, jumping, travel outside three metres, or hidden resistance."
"263","Standing Straight-Arm Pressback","Bent-Over Straight-Arm Pressback Hold","Standing isometrics","StraightArmPressbackHold","ShoulderAdductorsAndExtensors","ScapularGirdle|ElbowExtensors|SpinalExtensors|AbdominalWall","Continuous","Hold","Still","50","","bat-wings-workout.mp4","https://www.youtube.com/watch?v=E1FkoDDbzu4","https://www.youtube.com/watch?v=E1FkoDDbzu4","245","25","8","crop=ih:ih:(iw-ih)/2:0","false","false","A solo full-body human holds a visible hip hinge with both straight arms extended behind the torso, turning a weak pulse into a sustained long-lever isometric."
"264","Standing Arm Circles","Backward Standing Arm Circles","Standing mobility and movement practice","ArmCircle","ShoulderAbductors","ScapularGirdle|RotatorCuff","Continuous","Repetition","Motion","0","","PJO1hQSMPT4.mp4","https://www.youtube.com/watch?v=PJO1hQSMPT4","https://www.youtube.com/watch?v=PJO1hQSMPT4","28","5.5","8","crop=ih:ih:(iw-ih)/2:0","false","false","The formerly direction-ambiguous identity is migrated so each linked direction has an explicit name, exact demonstration, and independent score."
"265","Standing Bent-Elbow Arm Raise","Standing Speed-Bag Punches","Boxing conditioning","SpeedBagPunch","ShoulderAbductors","ScapularGirdle|ElbowExtensors|ForearmFlexorsAndPronators|ForearmExtensorsAndSupinators|RotatorCuff|AbdominalWall","Continuous","Repetition","Motion","0","","standing-speed-bag-punches.mp4","https://www.youtube.com/watch?v=OOHFTjpK5LM","https://www.youtube.com/watch?v=OOHFTjpK5LM","24","16","8","crop=ih:ih:(iw-ih)/2:0","false","false","A full-body human continuously circles the forearms in a clear speed-bag rhythm without a bag, partner, jumping, or travel."
"266","Standing Palms-Up Arm Raise","T-Arm Shoulder Hold","Shoulder isometrics","TArmHold","ShoulderAbductors","ScapularGirdle|RotatorCuff|AbdominalWall","Continuous","Hold","Still","50","","kfP_9z-BtmA.mp4","https://www.youtube.com/watch?v=kfP_9z-BtmA","https://www.youtube.com/watch?v=kfP_9z-BtmA","159.5","1","8","crop=ih:ih:(iw-ih)/2:0","false","false","A full-body human holds both straight arms horizontally in a T, making the sustained shoulder-endurance task complete in one frame."
"267","T-Position Shoulder Rotation","Standing Calf-Raise Hold","Calf isometrics","CalfRaiseHold","CalfDeepPosteriorLegAndPlantarFoot","Soleus|AbdominalWall","Continuous","Hold","Still","15","","ballet-second-position-releve.webm","https://upload.wikimedia.org/wikipedia/commons/f/fe/Relev%C3%A9%2C_ballet_technique_tutorial.webm","https://commons.wikimedia.org/wiki/File:Relev%C3%A9,_ballet_technique_tutorial.webm","3.2","3.6","10","","true","false","A human holds both heels visibly raised while standing upright; the static final frame removes all off-foot ground contact and makes the calf task immediate."
"268","Self-Resisted External-Rotation Isometric","Goalpost-to-T Rotations","Standing shoulder mobility","GoalpostTRotation","RotatorCuff","ShoulderAbductors|ScapularGirdle","Continuous","Repetition","Motion","0","","kfP_9z-BtmA.mp4","https://www.youtube.com/watch?v=kfP_9z-BtmA","https://www.youtube.com/watch?v=kfP_9z-BtmA","64","24","8","crop=ih:ih:(iw-ih)/2:0","false","false","A full human demonstration shows the complete named movement without equipment, support, jumping, travel outside three metres, or hidden resistance."
"269","Self-Resisted Curl-and-Press","Standing Leg-Resistance Biceps Curl","Standing strength and balance","LegResistanceCurl","ElbowFlexors","ForearmFlexorsAndPronators|IntrinsicHand|HipAbductors|CalfDeepPosteriorLegAndPlantarFoot|AnteriorLateralLowerLegAndDorsalFoot|AbdominalWall","ScreenLeftThenRight","Repetition","Motion","0","","standing-leg-resistance-biceps-curl.mp4","https://www.youtube.com/watch?v=AMoeIeT3Gyw","https://www.youtube.com/watch?v=AMoeIeT3Gyw","389.1","3.6","10","crop=320:360:80:0","false","false","A full-body human visibly uses the raised leg as resistance through repeated biceps curls while balancing on the other foot; the app mirrors the roles."
"270","Palm-Squeeze Forward Press","Goalpost Chest-Opener Hold","Standing stretching","GoalpostChestOpener","Chest","ShoulderAbductors|ScapularGirdle|RotatorCuff","Continuous","Hold","Still","50","","kfP_9z-BtmA.mp4","https://www.youtube.com/watch?v=kfP_9z-BtmA","https://www.youtube.com/watch?v=kfP_9z-BtmA","126","24","8","crop=ih:ih:(iw-ih)/2:0","false","false","A full-body human settles with both elbows open in a goalpost position, making the chest-opening hold clear without looping an unloaded gesture."
"272","Soleus Walk","Unsupported Single-Leg Bent-Knee Calf Raise","Calf strengthening","SingleLegBentKneeCalfRaise","Soleus","CalfDeepPosteriorLegAndPlantarFoot|AnteriorLateralLowerLegAndDorsalFoot|HipAbductors|AbdominalWall","ScreenRightThenLeft","Repetition","Motion","0","","unsupported-single-leg-bent-knee-calf-raise.mp4","https://www.youtube.com/watch?v=FD_beWLXe6w","https://www.youtube.com/watch?v=FD_beWLXe6w","3","8.5","8","crop=ih:ih:(iw-ih)/2:0","false","false","Reviewed replacement: the exact human demonstration makes Unsupported Single-Leg Bent-Knee Calf Raise immediately copyable without equipment, support, or excess travel."
"274","Dynamic-Resistance Lat Pulldown","Alternating Boxing Uppercuts","Boxing","MartialHand","ElbowFlexors","Chest|AbdominalWall|GlutealExtensors","Continuous","Repetition","Motion","0","","boxing-alternating-uppercuts.mp4","https://www.youtube.com/watch?v=CTN0PVWpHy8","https://www.youtube.com/watch?v=CTN0PVWpHy8","10","11.5","10","crop=ih:ih:(iw-ih)/2:0","false","false","Reviewed media repair: setup footage was removed so the full-body human demonstration opens directly on continuous alternating uppercuts."
"275","Dynamic-Resistance Low Chest Press","Backward Arm Circles","Shoulder endurance","ArmCircle","RotatorCuff","ShoulderAbductors|ScapularGirdle|AbdominalWall","Continuous","Repetition","Motion","0","","kfP_9z-BtmA.mp4","https://www.youtube.com/watch?v=kfP_9z-BtmA","https://www.youtube.com/watch?v=kfP_9z-BtmA","190","24","8","crop=ih:ih:(iw-ih)/2:0","false","false","A full human demonstration shows the complete named movement without equipment, support, jumping, travel outside three metres, or hidden resistance."
"276","Dynamic-Resistance High Chest Press","Muay Thai Upward Elbow Strike","Muay Thai","MartialHand","ElbowFlexors","ShoulderAbductors|Chest|AbdominalWall|RotatorCuff","ScreenRightThenLeft","Repetition","Motion","0","","upward-elbow-strikes-clear.mp4","https://www.youtube.com/watch?v=9Vy5BfIlr-8","https://www.youtube.com/watch?v=9Vy5BfIlr-8","0","9.8","10","crop=ih:ih:iw-ih:0","false","false","Reviewed media repair: a tightly framed solo human repeatedly drives the elbow upward from guard, with the named path visible immediately."
"278","Dynamic-Resistance Lateral Triceps Extension","Staggered-Stance Straight Punch","Boxing conditioning","StraightPunch","ElbowExtensors","ShoulderAdductorsAndExtensors|ScapularGirdle|ForearmFlexorsAndPronators|ForearmExtensorsAndSupinators","ScreenRightThenLeft","Repetition","Motion","0","","tTkZ9oNMwXs.mp4","https://www.youtube.com/watch?v=tTkZ9oNMwXs","https://www.youtube.com/watch?v=tTkZ9oNMwXs","5","10","10","crop=ih:ih:(iw-ih)/2:0","false","false","A full human demonstration shows the complete named movement without equipment, support, jumping, travel outside three metres, or hidden resistance."
"279","Dynamic-Resistance Triceps Pushdown","Staggered-Stance Jab-Cross","Karate conditioning","JabCross","ElbowExtensors","ShoulderAdductorsAndExtensors|ScapularGirdle|ForearmFlexorsAndPronators","ScreenRightThenLeft","Repetition","Motion","0","","chuck-norris-private-lesson.mp4","https://www.youtube.com/watch?v=TIo6D2CO6uI","https://www.youtube.com/watch?v=TIo6D2CO6uI","544.45","13.8","8","crop=ih:ih:(iw-ih)/2:0","false","false","A full human demonstration shows the complete named movement without equipment, support, jumping, travel outside three metres, or hidden resistance."
"280","Ringing-the-Towel Wrist Inversion","Alternating Boxing Hook Punches","Boxing","MartialHand","Chest","RotatorCuff|AbdominalWall|ElbowFlexors|ForearmExtensorsAndSupinators","Continuous","Repetition","Motion","0","","boxing-alternating-hooks.mp4","https://www.youtube.com/watch?v=4VOcf7j4VTM","https://www.youtube.com/watch?v=4VOcf7j4VTM","0","11","10","crop=ih:ih:(iw-ih)/2:0","false","false","Reviewed replacement: the exact human demonstration makes Alternating Boxing Hook Punches immediately copyable without equipment, support, or excess travel."
"281","Self-Resisted Isometric Pronation","Alternating Overhead Punch","Standing bodyweight conditioning","OverheadPunch","ElbowExtensors","ShoulderAbductors|ScapularGirdle|ForearmExtensorsAndSupinators","Continuous","Repetition","Motion","0","","standing-tone-arms.mp4","https://www.youtube.com/watch?v=pWhJAwM4yeQ","https://www.youtube.com/watch?v=pWhJAwM4yeQ","475.4","12.1","8","crop=ih:ih:(iw-ih)/2:0","false","false","The demonstrator alternates full overhead punches with straight elbow extension while maintaining a quiet marching weight shift. Distinct from High-Low Punches and Kickback with Sky Punch: every strike follows the same vertical overhead path and there is no kickback."
"282","Qigong Drilling Fists","Side-Step Knee Drive with Alternating Side Punches","Low-impact boxing conditioning","SideStepKneeDriveSidePunch","ElbowExtensors","Chest|ForearmFlexorsAndPronators|ForearmExtensorsAndSupinators|IntrinsicHand|ShoulderAbductors|HipFlexors|HipAbductors|AbdominalWall","ScreenLeftThenRight","Repetition","Motion","0","","6P_JPNPgXig.mp4","https://www.youtube.com/watch?v=6P_JPNPgXig","https://www.youtube.com/watch?v=6P_JPNPgXig","702","12","8","crop=ih:ih:(iw-ih)/2:0","false","false","The human steps to one side, returns into a same-side knee drive, and alternates chest-height punches toward the sides. The literal name now includes every defining part of the demonstrated combination."
"283","Qigong Fist Rotation","Open Hand to Straight Fist","Hand therapy","StraightFistTendonGlide","IntrinsicHand","ForearmFlexorsAndPronators|ForearmExtensorsAndSupinators","ScreenRightThenLeft","Repetition","Motion","0","","ZT4lKQ1GcEc.mp4","https://www.youtube.com/watch?v=ZT4lKQ1GcEc","https://www.youtube.com/watch?v=ZT4lKQ1GcEc","178","10","10","crop=ih:ih:(iw-ih)/2:0","true","false","The literal name states the two visible positions, so the exact hand motion is copyable without specialist tendon-glide terminology."
"284","Five-Animal Qigong Tiger Piercing","Side-to-Side Ankle Rocks","Standing bodyweight conditioning","AnkleRock","AnteriorLateralLowerLegAndDorsalFoot","CalfDeepPosteriorLegAndPlantarFoot|Soleus|HipAbductors","Continuous","Repetition","Motion","0","","julia-balance-stability.mp4","https://www.youtube.com/watch?v=9Slz5XXmLpM","https://www.youtube.com/watch?v=9Slz5XXmLpM","14","28","8","crop=ih:ih:(iw-ih)/2:0","false","false","With both feet planted, the demonstrator shifts body weight smoothly from the medial edges to the lateral edges of the feet and back. Distinct from Heel-to-Toe Balance Rocks, which moves sagittally between heels and forefeet; this is a frontal-plane rock."
"285","Supinated-Grip Self-Resisted Biceps Curl","Karate Inside Block","Karate","InsideBlock","ElbowFlexors","ForearmFlexorsAndPronators|IntrinsicHand","ScreenRightThenLeft","Repetition","Motion","0","","karate-inside-block-stationary.mp4","https://www.youtube.com/watch?v=l3nefmJYLsA","https://www.youtube.com/watch?v=l3nefmJYLsA","8.25","2.25","10","crop=ih:ih:(iw-ih)/2:0","false","false","A stationary full-body human demonstrates one complete inside-block repetition at normal practice speed. Both feet remain fixed, the working screen-right arm is unobscured, and runtime mirroring supplies the opposite side."
"286","Self-Resisted Hammer Curl","Karate Outside Block","Karate","OutsideBlock","ElbowFlexors","ForearmFlexorsAndPronators|ForearmExtensorsAndSupinators|IntrinsicHand","ScreenRightThenLeft","Repetition","Motion","0","","karate-outside-block-stationary.mp4","https://www.youtube.com/watch?v=YbetlAnKqUk","https://www.youtube.com/watch?v=YbetlAnKqUk","124.25","4","10","crop=ih:ih:(iw-ih)/2:0","false","false","A stationary full-body human demonstrates one complete outside-block repetition at normal practice speed. Both feet remain fixed, the working screen-right arm is unobscured, and runtime mirroring supplies the opposite side."
"287","Self-Resisted Reverse Curl","Wide-Stance Alternating Uppercuts","Boxing conditioning","Uppercut","ElbowFlexors","ShoulderAbductors|AbdominalWall|MedialAndDeepKneeExtensors|LateralKneeExtensors|GlutealExtensors","Alternating","Repetition","Motion","0","","cardio-uppercuts.mp4","https://www.youtube.com/watch?v=zIuEdGhLtdY","https://www.youtube.com/watch?v=zIuEdGhLtdY","20","16","10","crop=ih:ih:(iw-ih)/2:0","false","false","A centered full-body loop repeatedly alternates unmistakable uppercuts with a visible wide-stance weight shift; there is no setup-only or talking-only footage."
"288","Isometric Biceps Hold","Forward Knee-and-Ankle Circles","Standing bodyweight conditioning","KneeAnkleCircle","AnteriorLateralLowerLegAndDorsalFoot","DeepHipRotators|HipFlexors|AbdominalWall|CalfDeepPosteriorLegAndPlantarFoot","ScreenLeftThenRight","Repetition","Motion","0","","julia-balance-stability.mp4","https://www.youtube.com/watch?v=9Slz5XXmLpM","https://www.youtube.com/watch?v=9Slz5XXmLpM","99","27.5","8","crop=ih:ih:(iw-ih)/2:0","false","false","Balancing on one foot, the demonstrator holds the other knee at hip height and traces controlled forward knee-and-ankle circles; the timed second side supplies the other leg."
"289","Heaven-to-Earth Finger Rotation","Fingertip Spider Presses","Hand conditioning","FingertipSpiderPress","IntrinsicHand","ForearmFlexorsAndPronators|ForearmExtensorsAndSupinators","Continuous","Repetition","Motion","0","","fingertip-spider-presses.mp4","https://www.youtube.com/watch?v=2G6pHQJEbWQ","https://www.youtube.com/watch?v=2G6pHQJEbWQ","53","17","10","crop=ih*35/36:ih*13/18:iw*39/128:ih/9","false","false","Both human hands repeatedly press the fingertips together, spread into a visible spider shape, and return; the action is larger and immediately copyable."
"291","Black Dragon Enters the Cave","Open Hand to Claw Fist","Hand therapy","ClawTendonGlide","IntrinsicHand","ForearmFlexorsAndPronators|ForearmExtensorsAndSupinators","ScreenRightThenLeft","Repetition","Motion","0","","ZT4lKQ1GcEc.mp4","https://www.youtube.com/watch?v=ZT4lKQ1GcEc","https://www.youtube.com/watch?v=ZT4lKQ1GcEc","148","10","10","crop=ih:ih:(iw-ih)/2:0","true","false","The literal name states the two visible positions, so the exact hand motion is copyable without specialist tendon-glide terminology."
"292","Thrusting Fingers Qigong","Standing Bird Dog","Balance training","BirdDog","SpinalExtensors","DeepAndIntersegmentalBack|AbdominalWall|GlutealExtensors|ShoulderAbductors","ScreenRightThenLeft","Repetition","Motion","0","","standing-bird-dog.mp4","https://www.youtube.com/watch?v=dbjHclnnX-4","https://www.youtube.com/watch?v=dbjHclnnX-4","0","15.5","8","crop=ih:ih:(iw-ih)/2:0","false","false","A human demonstrator balances unsupported, reaches one arm forward with the opposite leg back, and returns to standing; the timed second phase mirrors the opposite arm-leg pairing."
"293","Sword-Fingers Qigong Sequence","Opposite-Hand Finger-Web Stretches","Active isolated stretching","FingerMotion","IntrinsicHand","ForearmFlexorsAndPronators|ForearmExtensorsAndSupinators","ScreenLeftThenRight","Repetition","Motion","0","","finger-web-space-stretch.mp4","https://www.youtube.com/watch?v=uPO-zST-7EE","https://www.youtube.com/watch?v=uPO-zST-7EE","175","8.5","10","crop=ih*35/36:ih*5/6:0:ih/18","false","false","The literal name describes the opposite hand visibly opening and releasing each gap between the working fingers."
"294","Tiger-Claw Grip Flow","Five-Position Tendon Glide","Hand therapy","TendonGlideSequence","IntrinsicHand","ForearmFlexorsAndPronators|ForearmExtensorsAndSupinators","ScreenRightThenLeft","Repetition","Motion","0","","ZT4lKQ1GcEc.mp4","https://www.youtube.com/watch?v=ZT4lKQ1GcEc","https://www.youtube.com/watch?v=ZT4lKQ1GcEc","198","25","10","crop=ih:ih:(iw-ih)/2:0","false","false","A full human demonstration shows the complete named movement without equipment, support, jumping, travel outside three metres, or hidden resistance."
"295","Yi Jin Jing Dragon Claw","Ankle Squat March","Standing bodyweight conditioning","SquatMarch","Soleus","CalfDeepPosteriorLegAndPlantarFoot|AnteriorLateralLowerLegAndDorsalFoot|MedialAndDeepKneeExtensors|LateralKneeExtensors|GlutealExtensors","Continuous","Repetition","Motion","0","","julia-balance-stability.mp4","https://www.youtube.com/watch?v=9Slz5XXmLpM","https://www.youtube.com/watch?v=9Slz5XXmLpM","188","33","8","crop=ih:ih:(iw-ih)/2:0","false","false","The demonstrator stays in a shallow squat and alternates controlled heel and forefoot lifts like a compact ankle-driven march. Distinct from Penguin Balance March and ordinary High-Knee March because the body stays low and the ankle action is the visible task."
"296","Eagle-Claw and Tiger-Claw Coordination","Single-Leg Sprinter March","Standing bodyweight conditioning","SprinterMarch","GlutealExtensors","MedialAndDeepKneeExtensors|LateralKneeExtensors|HipFlexors|CalfDeepPosteriorLegAndPlantarFoot|AbdominalWall","ScreenLeftThenRight","Repetition","Motion","0","","julia-balance-stability.mp4","https://www.youtube.com/watch?v=9Slz5XXmLpM","https://www.youtube.com/watch?v=9Slz5XXmLpM","237","30","8","crop=ih:ih:(iw-ih)/2:0","false","false","One leg repeatedly steps back into a low sprinter stance and then drives forward to a high knee while the other leg remains the working support. Distinct from Skater-RDL Balance: this uses a grounded straight-back sprinter step rather than a dia…2030 tokens truncated…otion"
"301","Large Arm Sweep Up and Down","Overhead Arm Pumps","Shoulder endurance","OverheadArmPump","ShoulderAbductors","ScapularGirdle|RotatorCuff|ElbowExtensors","Continuous","Repetition","Motion","0","","standing-bellows-breath-arm-pumps.mp4","https://www.youtube.com/watch?v=VSUQcIC_r1k","https://www.youtube.com/watch?v=VSUQcIC_r1k","60","16","8","crop=ih:ih:(iw-ih)/2:0","false","false","A human repeatedly pumps both bent arms from shoulder height to overhead at a clear conditioning cadence; the literal name does not claim a stance outside the crop or depend on breath narration."
"302","Large Bidirectional Arm Circles","Marching Forward Arm Circles","Low-impact conditioning","MarchingForwardArmCircle","ShoulderAbductors","RotatorCuff|ShoulderAdductorsAndExtensors|ScapularGirdle|HipFlexors|MedialAndDeepKneeExtensors|LateralKneeExtensors|CalfDeepPosteriorLegAndPlantarFoot","Continuous","Repetition","Motion","0","","marching-arm-circles.mp4","https://www.youtube.com/watch?v=ZtSWL-2qrkM","https://www.youtube.com/watch?v=ZtSWL-2qrkM","0.4","13.4","10","crop=ih:ih:(iw-ih)/2:0","false","false","A fully visible planted human marches in place while both straight arms make repeated forward circles. The clip shows the complete natural movement at normal speed without support or used equipment."
"304","Windmill Arms","Marching Backward Arm Circles","Low-impact conditioning","MarchingBackwardArmCircle","ShoulderAbductors","RotatorCuff|ShoulderAdductorsAndExtensors|ScapularGirdle|HipFlexors|MedialAndDeepKneeExtensors|LateralKneeExtensors|CalfDeepPosteriorLegAndPlantarFoot","Continuous","Repetition","Motion","0","","marching-arm-circles.mp4","https://www.youtube.com/watch?v=ZtSWL-2qrkM","https://www.youtube.com/watch?v=ZtSWL-2qrkM","14.4","13.4","10","crop=ih:ih:(iw-ih)/2:0","false","false","The same centered full-body human continues marching in place while both straight arms make repeated backward circles. This opposite direction follows the forward block as one atomic sequence."
"305","Cross-Body Arm Swings","Standing March with Torso Twist","Low-impact conditioning","MarchingTorsoTwist","DeepAndIntersegmentalBack","AbdominalWall|HipFlexors|ShoulderAbductors|ShoulderAdductorsAndExtensors|ScapularGirdle","Alternating","Repetition","Motion","0","","twisting-march-arZliEOfOcc.mp4","https://www.youtube.com/watch?v=arZliEOfOcc","https://www.youtube.com/watch?v=arZliEOfOcc","5.667","4.6","12","crop=ih:ih:(iw-ih)*0.8:0","false","false","A full-body human alternates knee lifts while deliberately rotating the whole torso left and right with bent arms held in guard. The phase-matched trim shows both sides repeatedly, keeps every limb visible, needs no support or equipment, and loops cleanly."
"307","Front Arm Raise","Self-Resisted Neck Flexion Isometric","Self-resistance","SelfResistedNeckFlexion","AnteriorLateralNeckAndHyoidMuscles","PosteriorNeckAndSuboccipitalMuscles|ShoulderAbductors|ScapularGirdle|RotatorCuff|ElbowFlexors","Continuous","Hold","Motion","55","","standing-self-resisted-neck-flexion.mp4","https://www.youtube.com/watch?v=LTuN2JESRaQ","https://www.youtube.com/watch?v=LTuN2JESRaQ","8.5","23.5","10","crop=ih:ih:(iw-ih)/2:0","false","false","A clear standing profile shows one hand pressing the forehead while the head remains neutral against that resistance. The packaged hold frame preserves the exact visible isometric position."
"308","Lateral Arm Raise","Self-Resisted Neck Side-Bend Isometric","Self-resistance","SelfResistedNeckSideBend","AnteriorLateralNeckAndHyoidMuscles","PosteriorNeckAndSuboccipitalMuscles|ShoulderAbductors|ScapularGirdle|RotatorCuff|ElbowFlexors","ScreenLeftThenRight","Hold","Motion","55","","self-resisted-neck-side-bend.mp4","https://www.youtube.com/watch?v=kPCXiqTVois","https://www.youtube.com/watch?v=kPCXiqTVois","0","12.6","10","crop=ih:ih:(iw-ih)/2:0","false","false","A clean upper-body view shows the palm at the temple and a neutral head resisting a lateral press. Nomadic Method mirrors the unobscured footage for the other side, with no text or directional graphic in the crop."
"309","Scaption Raise","Self-Resisted Neck Rotation Isometric","Self-resistance","SelfResistedNeckRotation","AnteriorLateralNeckAndHyoidMuscles","PosteriorNeckAndSuboccipitalMuscles|ShoulderAbductors|ScapularGirdle|RotatorCuff|ElbowFlexors","ScreenRightThenLeft","Hold","Motion","55","","self-resisted-neck-rotation.mp4","https://www.youtube.com/watch?v=E5ad2c2z_Bc","https://www.youtube.com/watch?v=E5ad2c2z_Bc","0","21","10","crop=ih:ih:(iw-ih)/2:0","false","false","A centered upper-body human presses the palm against the side of the face while holding the head neutral against rotational resistance. The mirrored second block supplies the opposite side."
"310","Standing Rear-Delt Sweep","Self-Resisted Neck Extension Isometric","Self-resistance","SelfResistedNeckExtension","PosteriorNeckAndSuboccipitalMuscles","AnteriorLateralNeckAndHyoidMuscles|ShoulderAbductors|ScapularGirdle|RotatorCuff|ElbowFlexors","Continuous","Hold","Motion","55","","standing-self-resisted-neck-extension.mp4","https://www.youtube.com/watch?v=Zd0b7B12IqA","https://www.youtube.com/watch?v=Zd0b7B12IqA","8.5","19.5","10","crop=ih:ih:(iw-ih)/2:0","false","false","A clear standing profile shows both hands behind the head while the head remains neutral against backward pressure. It forms the opposing extension block after flexion without hiding the working position."
"314","Alternating Forward Lunge with Biceps Curl","Alternating Forward Lunge Pulses","Bodyweight conditioning","ForwardLungePulse","MedialAndDeepKneeExtensors","LateralKneeExtensors|GlutealExtensors|HipFlexors","Continuous","Repetition","Motion","0","","FGB_9YVUmfY.mp4","https://www.youtube.com/watch?v=FGB_9YVUmfY","https://www.youtube.com/watch?v=FGB_9YVUmfY","190","25","8","crop=ih:ih:(iw-ih)/2:0","false","false","A full human demonstration shows the complete named movement without equipment, support, jumping, travel outside three metres, or hidden resistance."
"321","Alternating Cross-Step Arms Raise","Side-Tap Alternating Arm Raises","Low-impact conditioning","SideTapArmRaise","ShoulderAbductors","ScapularGirdle|RotatorCuff|AccessoryHipAdductors|HipAbductors","Continuous","Repetition","Motion","0","","6P_JPNPgXig.mp4","https://www.youtube.com/watch?v=6P_JPNPgXig","https://www.youtube.com/watch?v=6P_JPNPgXig","191","12","8","crop=ih:ih:(iw-ih)/2:0","false","false","A full human demonstration shows the complete named movement without equipment, support, jumping, travel outside three metres, or hidden resistance."
"326","Wide-Stance Alternating Straight Punches","Rear-Hand Straight Punch","Boxing conditioning","RearHandStraightPunch","ElbowExtensors","Chest|ForearmFlexorsAndPronators|ShoulderAbductors|ScapularGirdle|RotatorCuff|IntrinsicHand|AbdominalWall","ScreenRightThenLeft","Repetition","Motion","0","","tTkZ9oNMwXs.mp4","https://www.youtube.com/watch?v=tTkZ9oNMwXs","https://www.youtube.com/watch?v=tTkZ9oNMwXs","18","10","10","crop=ih:ih:(iw-ih)/2:0","false","false","A full human demonstration shows the complete named movement without equipment, support, jumping, travel outside three metres, or hidden resistance."
"327","First-Position Standing Row","Muay Thai Horizontal Elbow Strike","Muay Thai","MartialHand","ElbowFlexors","Chest|RotatorCuff|AbdominalWall|ShoulderAdductorsAndExtensors","ScreenRightThenLeft","Repetition","Motion","0","","horizontal-elbow-strikes-clear.mp4","https://www.youtube.com/watch?v=ujppQiig9CU","https://www.youtube.com/watch?v=ujppQiig9CU","0","9.8","10","crop=ih:ih:iw-ih:0","false","false","Reviewed media repair: a tightly framed solo human repeatedly sweeps the elbow horizontally from guard, with the named path visible immediately."
"329","Qigong Gathering Qi","Standing Shoulder CAR","Shoulder mobility","ShoulderCAR","RotatorCuff","ShoulderAbductors|ScapularGirdle","ScreenRightThenLeft","Repetition","Motion","0","","GRHohA9PX_U.mp4","https://www.youtube.com/watch?v=GRHohA9PX_U","https://www.youtube.com/watch?v=GRHohA9PX_U","1","12","10","crop=ih:ih:(iw-ih)/2:0","false","false","A full human demonstration shows the complete named movement without equipment, support, jumping, travel outside three metres, or hidden resistance."
"338","High-Low Punches","Overhead Triceps Stretch with Side Bend","Stretching","SideReach","ElbowExtensors","ShoulderAdductorsAndExtensors|DeepAndIntersegmentalBack|AbdominalWall","ScreenLeftThenRight","Hold","Still","50","","overhead-triceps-side-stretch.mp4","https://www.youtube.com/watch?v=bNceHT6m21Q","https://www.youtube.com/watch?v=bNceHT6m21Q","4","9","8","crop=ih:ih:(iw-ih)/2:0","false","false","A standing human holds one elbow overhead with the opposite hand and settles into a clear lateral bend. The combined triceps and side-body endpoint is stable, familiar, and mirrored for the timed second side."
"367","Tai Chi Wave Hands Like Clouds","Single-Leg Bodyweight Deadlift","Standing bodyweight conditioning","SingleLegDeadlift","PosteriorThighAndKneeFlexors","GlutealExtensors|SpinalExtensors|DeepAndIntersegmentalBack|HipAbductors|CalfDeepPosteriorLegAndPlantarFoot","ScreenRightThenLeft","Repetition","Motion","0","","julia-balance-stability.mp4","https://www.youtube.com/watch?v=9Slz5XXmLpM","https://www.youtube.com/watch?v=9Slz5XXmLpM","521","30","8","crop=ih:ih:(iw-ih)/2:0","false","false","The demonstrator hinges over one planted leg as the free leg extends straight behind, then returns upright without touching the floor or any support. The catalog has compound and mislabeled deadlift variants but no plain accurately demonstrated unsupported single-leg deadlift."
"390","Standing Abdominal Breathing","Inhale Arms Up, Exhale Step-Touch","Breath-led mobility","StepTouchArmArc","BreathingMuscles","ShoulderAbductors|ShoulderAdductorsAndExtensors|SpinalExtensors|PosteriorThighAndKneeFlexors|AbdominalWall","Alternating","Repetition","Motion","0","","6P_JPNPgXig.mp4","https://www.youtube.com/watch?v=6P_JPNPgXig","https://www.youtube.com/watch?v=6P_JPNPgXig","21","12","8","crop=ih:ih:(iw-ih)/2:0","false","false","The demonstrated breath-led step-touch switches sides within the clip, so it remains one alternating movement phase."
"391","Standing Lateral Rib Breathing","Inhale Arms Open, Exhale High-Knee","Breath-led conditioning","HighKneeOpenArmMarch","BreathingMuscles","ShoulderAbductors|ScapularGirdle|ElbowExtensors","Alternating","Repetition","Motion","0","","6P_JPNPgXig.mp4","https://www.youtube.com/watch?v=6P_JPNPgXig","https://www.youtube.com/watch?v=6P_JPNPgXig","475","12","8","crop=ih:ih:(iw-ih)/2:0","false","false","The source alternates left and right high knees while the arms open and close with the breath, so both sides are already contained in the reviewed loop."
"392","Standing Chest Breathing","Exhale-Down Inhale-Up Breathing Squat","Breathwork","BreathingSquat","BreathingMuscles","MajorHipAdductors|AccessoryHipAdductors|MedialAndDeepKneeExtensors|LateralKneeExtensors|GlutealExtensors|ShoulderAbductors|AbdominalWall","Continuous","Repetition","Motion","0","","breathing-squat-arm-sweep.mp4","https://www.youtube.com/watch?v=lTi05bpfeAw","https://www.youtube.com/watch?v=lTi05bpfeAw","0","37","8","crop=ih:ih:(iw-ih)/2:0","false","false","The literal name supplies the otherwise hidden breath phases while the full-body human clearly demonstrates every squat and arm sweep."
"393","Standing Clavicular Breathing","Single-Leg Deadlift to Runner March","Standing bodyweight conditioning","DeadliftKneeDrive","PosteriorThighAndKneeFlexors","GlutealExtensors|HipFlexors|SpinalExtensors|DeepAndIntersegmentalBack|AbdominalWall|HipAbductors","ScreenRightThenLeft","Repetition","Motion","0","","julia-balance-stability.mp4","https://www.youtube.com/watch?v=9Slz5XXmLpM","https://www.youtube.com/watch?v=9Slz5XXmLpM","615","31","8","crop=ih:ih:(iw-ih)/2:0","false","false","A controlled single-leg hinge flows directly into an upright runner knee drive, then repeats on the same side. Distinct from the plain deadlift and from Skater-RDL Balance because this is a sagittal hinge-to-runner-march cycle."
"394","Inhale Arms Open, Exhale Arms Close and Round","Inhale Open, Exhale Cross-Body Knee","Breath-led conditioning","HighKneeCrossBodySweep","BreathingMuscles","Chest|ScapularGirdle|AbdominalWall|DeepAndIntersegmentalBack","ScreenLeftThenRight","Repetition","Motion","0","","6P_JPNPgXig.mp4","https://www.youtube.com/watch?v=6P_JPNPgXig","https://www.youtube.com/watch?v=6P_JPNPgXig","645","12","8","crop=ih:ih:(iw-ih)/2:0","false","false","The source repeats the screen-left cross-body knee phase; the timed second phase mirrors the complete breath-led movement for the other side."
"395","Overhead Hold with Deep Ribcage Breaths","Single-Side Inhale Reach Up, Exhale Knee Lift","Breath-led mobility","KneeLiftOverheadReach","BreathingMuscles","ShoulderAbductors|ScapularGirdle","ScreenLeftThenRight","Repetition","Motion","0","","6P_JPNPgXig.mp4","https://www.youtube.com/watch?v=6P_JPNPgXig","https://www.youtube.com/watch?v=6P_JPNPgXig","361","12","8","crop=ih:ih:(iw-ih)/2:0","false","false","The source repeats the screen-left knee lift and overhead reach; the name makes that one-side phase explicit, and the timed second phase mirrors it for the other side."
"396","Standing Arm-Lift Breathing","Single-Leg Knee-Lift Balance Hold","Standing balance","KneeLiftBalance","AnteriorLateralLowerLegAndDorsalFoot","CalfDeepPosteriorLegAndPlantarFoot|Soleus|HipAbductors|DeepHipRotators|AbdominalWall","ScreenLeftThenRight","Hold","Still","50","","2_lCvBvHRFI.mp4","https://www.youtube.com/watch?v=2_lCvBvHRFI","https://www.youtube.com/watch?v=2_lCvBvHRFI","135","20","8","crop=ih:ih:(iw-ih)/2:0","false","false","A full human demonstration shows the complete named movement without equipment, support, jumping, travel outside three metres, or hidden resistance."
"397","Exhale Forward, Inhale Back Weight Shift","Alternating Side Tap with Diagonal Arm Sweep","Low-impact conditioning","SideTapCrossBodySweep","HipAbductors","AccessoryHipAdductors|ShoulderAbductors|ScapularGirdle","Alternating","Repetition","Motion","0","","6P_JPNPgXig.mp4","https://www.youtube.com/watch?v=6P_JPNPgXig","https://www.youtube.com/watch?v=6P_JPNPgXig","78","12","8","crop=ih:ih:(iw-ih)/2:0","false","false","The source clip continuously alternates lateral side taps with a two-arm diagonal sweep; it is one complete alternating block and does not establish a breathing cadence."
"406","Standing Wheel Arm Circles","Clockwise Standing Wheel Arm Circles","Qigong","ChestCircle","ScapularGirdle","Chest|ShoulderAbductors|SpinalExtensors|DeepAndIntersegmentalBack|AbdominalWall","Continuous","Repetition","Motion","0","","shibashi-set1.mp4","https://www.youtube.com/watch?v=PG1WGuzm7T0","https://www.youtube.com/watch?v=PG1WGuzm7T0","610","44","10","crop=ih:ih:(iw-ih)/2:0","false","false","The formerly direction-ambiguous identity is migrated so each linked direction has an explicit name, exact demonstration, and independent score."
"407","Neck Half-Circle","Inhale-Up, Exhale-Down Arm Circles","Breath-led mobility","BreathingArmCircle","BreathingMuscles","ShoulderAbductors|ShoulderAdductorsAndExtensors|ScapularGirdle|RotatorCuff|AbdominalWall","Continuous","Repetition","Motion","0","","OuFFmDFwLX4.mp4","https://www.youtube.com/watch?v=OuFFmDFwLX4","https://www.youtube.com/watch?v=OuFFmDFwLX4","22","9.233","10","crop=ih*8/9:ih:(iw-ih*8/9)/2-ih/6:0","false","false","The exact full-body human completes two natural inhale-up and exhale-down arm-circle cycles at normal speed; the clean crop keeps both hands and shoes visible without instructional overlays, equipment, support, impact, or excess travel."
"408","Neck Figure Eight","Split-Squat Torso Rotation with Thumb Tracking","Balance and gaze-control mobility","SplitSquatThumbTrackingRotation","DeepAndIntersegmentalBack","AbdominalWall|ScapularGirdle|ShoulderAbductors|ShoulderAdductorsAndExtensors|RotatorCuff|PosteriorNeckAndSuboccipitalMuscles|AnteriorLateralNeckAndHyoidMuscles|CranialMuscles|MedialAndDeepKneeExtensors|LateralKneeExtensors|GlutealExtensors","ScreenRightThenLeft","Repetition","Motion","0","","4Tv-F_XWw1U.mp4","https://www.youtube.com/watch?v=4Tv-F_XWw1U","https://www.youtube.com/watch?v=4Tv-F_XWw1U","22.9","5.5","10","crop=ih:ih:(iw-ih)/4:0","false","false","A complete low-to-high-to-low split-squat rotation follows the visible thumb through a large diagonal arc; the full body, reaching hand, and both shoes remain unobscured, and Nomadic Method mirrors the reviewed stance for the timed second side."
"409","Full Neck Circles","Clockwise Full Neck Circles","Functional Range Conditioning","HeadCircle","PosteriorNeckAndSuboccipitalMuscles","AnteriorLateralNeckAndHyoidMuscles","Continuous","Repetition","Motion","0","","cervical-car.mp4","https://www.youtube.com/watch?v=986FAogJRFw","https://www.youtube.com/watch?v=986FAogJRFw","14.5","14.25","10","","false","false","The formerly direction-ambiguous identity is migrated so each linked direction has an explicit name, exact demonstration, and independent score."
"410","Nose Diamond Trace","Squat with Upward Thumb Tracking","Vestibular rehabilitation","UpwardThumbTrackingSquat","CranialMuscles","PosteriorNeckAndSuboccipitalMuscles|AnteriorLateralNeckAndHyoidMuscles|ShoulderAbductors|ScapularGirdle|RotatorCuff|MedialAndDeepKneeExtensors|LateralKneeExtensors|GlutealExtensors|AbdominalWall","ScreenLeftThenRight","Repetition","Motion","0","","v4U3miAL4Q8.mp4","https://www.youtube.com/watch?v=v4U3miAL4Q8","https://www.youtube.com/watch?v=v4U3miAL4Q8","15.25","7","10","crop=ih:ih:(iw-ih)/2:0","false","false","The full-body human repeatedly squats while the head and gaze follow one raised thumb upward; every natural phase is visible at normal speed and the one-arm role is mirrored for the timed second side."
"411","Nose Circle","Squat with Downward Thumb Tracking","Vestibular rehabilitation","DownwardThumbTrackingSquat","CranialMuscles","PosteriorNeckAndSuboccipitalMuscles|AnteriorLateralNeckAndHyoidMuscles|ShoulderAbductors|ScapularGirdle|RotatorCuff|MedialAndDeepKneeExtensors|LateralKneeExtensors|GlutealExtensors|AbdominalWall","ScreenLeftThenRight","Repetition","Motion","0","","YWMrXZKu_js.mp4","https://www.youtube.com/watch?v=YWMrXZKu_js","https://www.youtube.com/watch?v=YWMrXZKu_js","10.75","10","10","crop=ih:ih:(iw-ih)/2:0","false","false","The full-body human repeatedly squats while the head and gaze follow one thumb downward between the knees; the complete normal-speed cycle and one-arm role are clear and mirrored for the timed second side."
"412","Nose Square","Lateral Lunge with Sideward Thumb Tracking","Vestibular rehabilitation","LateralLungeThumbTracking","CranialMuscles","PosteriorNeckAndSuboccipitalMuscles|AnteriorLateralNeckAndHyoidMuscles|MajorHipAdductors|AccessoryHipAdductors|MedialAndDeepKneeExtensors|LateralKneeExtensors|GlutealExtensors|HipAbductors|ScapularGirdle|ShoulderAbductors|RotatorCuff","ScreenLeftThenRight","Repetition","Motion","0","","hxL4Rt1gKdI.mp4","https://www.youtube.com/watch?v=hxL4Rt1gKdI","https://www.youtube.com/watch?v=hxL4Rt1gKdI","13.313","2.937","10","crop=ih:ih:(iw-ih)/2:0","false","false","The isolated human repetition travels from neutral into one complete lateral lunge while the head and gaze visibly follow the moving thumb, then returns to the same boundary; the full body and thumb remain clear before the mirrored side."
"413","Nose Infinity Sign","March in Place with Sideward Eye Shifts Between Thumbs","Brain-calibration training","MarchingEyeShift","CranialMuscles","HipFlexors|AbdominalWall|MedialAndDeepKneeExtensors|LateralKneeExtensors|CalfDeepPosteriorLegAndPlantarFoot|AnteriorLateralLowerLegAndDorsalFoot|ShoulderAbductors|ScapularGirdle|RotatorCuff","Alternating","Repetition","Motion","0","","8a9IHhOTG3E.mp4","https://www.youtube.com/watch?v=8a9IHhOTG3E","https://www.youtube.com/watch?v=8a9IHhOTG3E","2.1","1.8","10","crop=ih:ih:(iw-ih)*5/7:0","false","false","The full-body drill continuously alternates marching legs while both raised thumbs provide the two visible targets for repeated sideward eye shifts, so no unilateral mirroring is needed."
"414","Ear-to-Shoulder Glide","Fixed-Thumb Head Turns","Vestibular rehabilitation","FixedThumbHeadTurn","CranialMuscles","PosteriorNeckAndSuboccipitalMuscles|AnteriorLateralNeckAndHyoidMuscles","ScreenRightThenLeft","Repetition","Motion","0","","eNXANtzul-k.mp4","https://www.youtube.com/watch?v=eNXANtzul-k","https://www.youtube.com/watch?v=eNXANtzul-k","0.584","5.505","10","crop=ih:ih:(iw-ih)/2:0","false","false","The exact full-body source shows repeated horizontal head turns while the eyes stay on one fixed thumb. Both heels remain planted, so the name and muscle assignments deliberately make no heel-raise or calf claim; the target arm is mirrored for side two."
"415","Chin-to-Collarbone Turn","Fixed-Thumb Head Nods","Vestibular rehabilitation","FixedThumbHeadNod","CranialMuscles","PosteriorNeckAndSuboccipitalMuscles|AnteriorLateralNeckAndHyoidMuscles","ScreenRightThenLeft","Repetition","Motion","0","","eNXANtzul-k.mp4","https://www.youtube.com/watch?v=eNXANtzul-k","https://www.youtube.com/watch?v=eNXANtzul-k","7.507","7.174","10","crop=ih:ih:(iw-ih)/2:0","false","false","The exact full-body source shows repeated vertical head nods while the eyes stay on one fixed thumb. Both heels remain planted, so the name and muscle assignments deliberately make no heel-raise or calf claim; the target arm is mirrored for side two."
"416","Diagonal Head Tilt","Fixed-Thumb Head Tilts","Vestibular rehabilitation","FixedThumbHeadTilt","CranialMuscles","PosteriorNeckAndSuboccipitalMuscles|AnteriorLateralNeckAndHyoidMuscles","ScreenRightThenLeft","Repetition","Motion","0","","eNXANtzul-k.mp4","https://www.youtube.com/watch?v=eNXANtzul-k","https://www.youtube.com/watch?v=eNXANtzul-k","15.015","4.171","10","crop=ih:ih:(iw-ih)/2:0","false","false","The exact full-body source shows repeated ear-to-shoulder head tilts while the eyes stay on one fixed thumb. Both heels remain planted, so the name and muscle assignments deliberately make no heel-raise or calf claim; the target arm is mirrored for side two."
"417","Side-to-Side Head Translation","Narrow Squat and Overhead Reach with Thumb Tracking","Vestibular rehabilitation","NarrowSquatThumbTracking","CranialMuscles","PosteriorNeckAndSuboccipitalMuscles|AnteriorLateralNeckAndHyoidMuscles|ShoulderAbductors|ScapularGirdle|RotatorCuff|MedialAndDeepKneeExtensors|LateralKneeExtensors|GlutealExtensors","Continuous","Repetition","Motion","0","","keT0aOn3Hiw.mp4","https://www.youtube.com/watch?v=keT0aOn3Hiw","https://www.youtube.com/watch?v=keT0aOn3Hiw","2.961","3.67","10","crop=ih:ih:(iw-ih)/2:0","false","false","Both clasped hands provide one clear gaze target while the full body reaches overhead, tucks into a narrow squat, and returns to the same overhead boundary; the complete bilateral cycle loops naturally without equipment, impact, or excess travel."
"418","Forward-and-Back Head Translation","Alternating-Thumb Head Turns","Vestibular rehabilitation","AlternatingThumbHeadTurn","CranialMuscles","PosteriorNeckAndSuboccipitalMuscles|AnteriorLateralNeckAndHyoidMuscles","Continuous","Repetition","Motion","0","","DGAyfAK_JPQ.mp4","https://www.youtube.com/watch?v=DGAyfAK_JPQ","https://www.youtube.com/watch?v=DGAyfAK_JPQ","9.76","6.84","10","crop=ih:ih:(iw-ih)/2:0","false","false","The full-body demonstrator alternates two horizontal thumb targets and turns the head and gaze between them. The feet remain planted without a legible heel bounce, so the reviewed name and muscle assignments describe only the visible vestibular drill."
"419","Occipital Nod","Vertical Thumb Tracking with Head Nods","Vestibular rehabilitation","VerticalThumbHeadTracking","CranialMuscles","PosteriorNeckAndSuboccipitalMuscles|AnteriorLateralNeckAndHyoidMuscles","ScreenLeftThenRight","Repetition","Motion","0","","TCmHVtZ4M8Q.mp4","https://www.youtube.com/watch?v=TCmHVtZ4M8Q","https://www.youtube.com/watch?v=TCmHVtZ4M8Q","7.382","5.255","10","crop=ih:ih:(iw-ih)/2:0","false","false","One visible thumb guides repeated vertical head-and-gaze tracking while the full body remains unobscured. The feet remain planted without a legible heel bounce, so the reviewed name and muscle assignments describe only the visible vestibular drill; the target arm is mirrored for side two."
"420","Atlas Nod","Jumping Jacks","Cardio conditioning","JumpingJack","HipAbductors","ShoulderAbductors|ScapularGirdle|CalfDeepPosteriorLegAndPlantarFoot|Soleus|AnteriorLateralLowerLegAndDorsalFoot|BreathingMuscles","Continuous","Repetition","Motion","0","","jumping-jacks-cult.mp4","https://www.youtube.com/watch?v=CWpmIW6l-YA","https://www.youtube.com/watch?v=CWpmIW6l-YA","26.2","2.76","10","crop=ih:ih:(iw-ih)/2:0","false","false","A shod full-body human performs repeated normal-speed jumping jacks with every hand, foot, takeoff, and landing visible."
"421","Neck Flexion-Extension Flow","Seal Jacks","Cardio conditioning","SealJack","HipAbductors","Chest|ShoulderAbductors|ScapularGirdle|CalfDeepPosteriorLegAndPlantarFoot|Soleus|AnteriorLateralLowerLegAndDorsalFoot|BreathingMuscles","Continuous","Repetition","Motion","0","","seal-jacks-live-lean.mp4","https://www.youtube.com/watch?v=vEVkrYd1XbQ","https://www.youtube.com/watch?v=vEVkrYd1XbQ","6.006","20.287","10","crop=ih:ih:(iw-ih)/2:0","false","false","A shod full-body human repeatedly jumps the feet apart while opening the arms horizontally, then closes both in a complete seal-jack cycle."
"422","Cervical Flexion Isometric","Turn Head Left and Right","Active neck mobility","HeadTurn","PosteriorNeckAndSuboccipitalMuscles","AnteriorLateralNeckAndHyoidMuscles","Continuous","Repetition","Motion","0","","mark-wildman-neck-drill.mp4","https://www.youtube.com/watch?v=9enAikPH_k8","https://www.youtube.com/watch?v=9enAikPH_k8","23.067","29.7","8","crop=ih:ih:(iw-ih)/2:0","false","false","The standing demonstrator rotates his head left and right through neutral while his shoulders and trunk remain still. A stationary isolated rotation drill; distinct from the retained walking-with-head-turns exercise."
"423","Cervical Extension Isometric","Ear-to-Shoulder Neck Tilts","Active neck mobility","NeckTilt","AnteriorLateralNeckAndHyoidMuscles","PosteriorNeckAndSuboccipitalMuscles","Continuous","Repetition","Motion","0","","mark-wildman-neck-drill.mp4","https://www.youtube.com/watch?v=9enAikPH_k8","https://www.youtube.com/watch?v=9enAikPH_k8","53.067","29.7","8","crop=ih:ih:(iw-ih)/2:0","false","false","The standing demonstrator alternates lateral neck flexion, bringing each ear toward its same-side shoulder without raising the shoulder. The source exposes a large clean bilateral range; unlike a static side stretch, this is a continuous mobility repetition."
"424","Neck Side-Bend Flow","Squat Jacks","Cardio and bodyweight conditioning","SquatJack","MedialAndDeepKneeExtensors","LateralKneeExtensors|GlutealExtensors|MajorHipAdductors|AccessoryHipAdductors|HipAbductors|CalfDeepPosteriorLegAndPlantarFoot|Soleus|ShoulderAbductors|AbdominalWall|BreathingMuscles","Continuous","Repetition","Motion","0","","squat-jacks-live-lean.mp4","https://www.youtube.com/watch?v=a3fuGM-SyUw","https://www.youtube.com/watch?v=a3fuGM-SyUw","14.715","7.941","10","crop=iw*0.75:ih:iw*0.125:0","false","false","A full-body human jumps from a narrow stance into a wide squat with a floorward reach, then jumps back to the narrow stance."
"425","Chin-Tuck Hold","Feet-Together Head Turns","Balance and vestibular training","FeetTogetherHeadTurn","AnteriorLateralNeckAndHyoidMuscles","PosteriorNeckAndSuboccipitalMuscles","Continuous","Repetition","Motion","0","","candidate-narrow-head-turns-tilts.mp4","https://www.youtube.com/watch?v=81sfTXQ6zjc","https://www.youtube.com/watch?v=81sfTXQ6zjc","0","9","10","crop=ih:ih:(iw-ih)/2:0","false","false","A full human demonstration shows the complete named movement without equipment, support, jumping, travel outside three metres, or hidden resistance."
"426","Neck Elongation Hold","Cross Jacks","Cardio conditioning","CrossJack","HipAbductors","MajorHipAdductors|AccessoryHipAdductors|CalfDeepPosteriorLegAndPlantarFoot|Soleus|AnteriorLateralLowerLegAndDorsalFoot|ShoulderAbductors|Chest|ScapularGirdle|BreathingMuscles","Continuous","Repetition","Motion","0","","cross-jacks-ucla.mp4","https://www.youtube.com/watch?v=zuwyz8p61BI","https://www.youtube.com/watch?v=zuwyz8p61BI","18.268","17.685","10","crop=iw*0.75:ih:iw*0.125:0","false","false","A shod full-body human repeatedly alternates crossed arms and legs through the complete established cross-jack pattern."
"427","Horizontal Smooth Pursuit","Split Jacks","Cardio conditioning","SplitJack","HipFlexors","PosteriorThighAndKneeFlexors|GlutealExtensors|MedialAndDeepKneeExtensors|LateralKneeExtensors|CalfDeepPosteriorLegAndPlantarFoot|Soleus|ShoulderAbductors|ScapularGirdle|AbdominalWall|BreathingMuscles","Continuous","Repetition","Motion","0","","split-jacks-origym.mp4","https://www.youtube.com/watch?v=jO5J4KNhJLU","https://www.youtube.com/watch?v=jO5J4KNhJLU","1.56","6.2","10","crop=iw*0.75:ih:iw*0.125:0","false","false","A full-body human alternates a split stance and opposite arm drive at normal speed, with both sides included naturally in every loop."
"428","Vertical Smooth Pursuit","Pogo Jumps with Arm Swing","Plyometric conditioning","PogoJumpArmSwing","CalfDeepPosteriorLegAndPlantarFoot","Soleus|AnteriorLateralLowerLegAndDorsalFoot|AbdominalWall|ScapularGirdle|BreathingMuscles","Continuous","Repetition","Motion","0","","pogo-jumps-arm-swing-strathclyde.mp4","https://www.youtube.com/watch?v=N9bFLlrglFA","https://www.youtube.com/watch?v=N9bFLlrglFA","2.933","3.5","10","crop=ih:ih:iw*0.0625:0","false","false","A clear side view shows repeated stiff-ankle pogo jumps with a full coordinated arm swing and every takeoff and landing visible."
"429","Cross-Pattern Smooth Pursuit","High-Knee Run in Place","Cardio conditioning","HighKneeRun","HipFlexors","PosteriorThighAndKneeFlexors|MedialAndDeepKneeExtensors|LateralKneeExtensors|CalfDeepPosteriorLegAndPlantarFoot|Soleus|AnteriorLateralLowerLegAndDorsalFoot|AbdominalWall|BreathingMuscles","Continuous","Repetition","Motion","0","","high-knee-run-experience-life.mp4","https://www.youtube.com/watch?v=VGb_fJ81yWc","https://www.youtube.com/watch?v=VGb_fJ81yWc","1.668","3.921","10","crop=ih:ih:(iw-ih)/2:0","false","false","A centered shod human runs in place with repeated high knee drives and coordinated arm swings; the whole body remains visible."
"430","Bidirectional Circular Smooth Pursuit","Butt-Kick Run in Place","Cardio conditioning","ButtKickRun","PosteriorThighAndKneeFlexors","GlutealExtensors|HipFlexors|CalfDeepPosteriorLegAndPlantarFoot|Soleus|AnteriorLateralLowerLegAndDorsalFoot|AbdominalWall|BreathingMuscles","Continuous","Repetition","Motion","0","","butt-kick-run-get-healthy-u.mp4","https://www.youtube.com/watch?v=oMW59TKZvaI","https://www.youtube.com/watch?v=oMW59TKZvaI","33.951","4.546","10","crop=ih:ih:(iw-ih)/2:0","false","false","A shod full-body human runs in place while repeatedly bringing each heel toward the buttocks with natural arm drive."
"431","Figure-Eight Smooth Pursuit","Bodyweight Jump Squats","Plyometric conditioning","JumpSquat","MedialAndDeepKneeExtensors","LateralKneeExtensors|GlutealExtensors|PosteriorThighAndKneeFlexors|CalfDeepPosteriorLegAndPlantarFoot|Soleus|AbdominalWall|SpinalExtensors|DeepAndIntersegmentalBack|BreathingMuscles","Continuous","Repetition","Motion","0","","bodyweight-jump-squat-onnit.mp4","https://www.youtube.com/watch?v=JwCaCql7VpQ","https://www.youtube.com/watch?v=JwCaCql7VpQ","3.462","8.759","10","crop=iw*0.75:ih:iw*0.125:0","false","false","A full-body human repeatedly completes a bodyweight squat, arm swing, takeoff, flight, and controlled landing without equipment. Repeated countermovement takeoffs and impact landings also provide the documented involuntary reflexive pelvic-floor training stimulus."
"432","Near-Far Focus Shift","180-Degree Squat Jumps","Plyometric conditioning","RotationalJumpSquat","DeepHipRotators","MedialAndDeepKneeExtensors|LateralKneeExtensors|GlutealExtensors|HipAbductors|CalfDeepPosteriorLegAndPlantarFoot|Soleus|AbdominalWall|SpinalExtensors|DeepAndIntersegmentalBack|BreathingMuscles","Continuous","Repetition","Motion","0","","180-degree-squat-jumps-made-possible.mp4","https://www.youtube.com/watch?v=ALu62-8XTJI","https://www.youtube.com/watch?v=ALu62-8XTJI","7.257","6.382","10","crop=ih:ih:(iw-ih)/2:0","false","false","A full-body human repeatedly jumps from a squat through an unmistakable 180-degree turn, lands, and alternates front and back orientations. Its repeated countermovement takeoffs and impact landings provide the documented involuntary reflexive pelvic-floor training stimulus."
"433","Thumb Convergence Tracking","Alternating Jumping Lunges","Plyometric conditioning","JumpingLunge","GlutealExtensors","MedialAndDeepKneeExtensors|LateralKneeExtensors|PosteriorThighAndKneeFlexors|HipFlexors|CalfDeepPosteriorLegAndPlantarFoot|Soleus|AbdominalWall|DeepAndIntersegmentalBack|BreathingMuscles","Continuous","Repetition","Motion","0","","alternating-jumping-lunges-onnit.mp4","https://www.youtube.com/watch?v=WfPJ8jaw4Fc","https://www.youtube.com/watch?v=WfPJ8jaw4Fc","1.668","4.838","10","crop=ih:ih:(iw-ih)/2:0","false","false","A clean side view shows repeated airborne stance switches and controlled lunge landings, with both sides alternating inside the same cycle."
"434","Horizontal Saccades","Lateral Line Hops","Plyometric conditioning","LateralLineHop","CalfDeepPosteriorLegAndPlantarFoot","Soleus|AnteriorLateralLowerLegAndDorsalFoot|HipAbductors|DeepHipRotators|AbdominalWall|BreathingMuscles","Continuous","Repetition","Motion","0","","lateral-line-hops-crossfit310.mp4","https://www.youtube.com/watch?v=RyGSaj4i7Xo","https://www.youtube.com/watch?v=RyGSaj4i7Xo","4.104","5.439","10","crop=ih:ih:(iw-ih)/2:0","false","false","A centered shod human performs quick continuous two-foot hops from side to side across an ordinary floor marking; no equipment is used."
"435","Vertical Saccades","Running High-Knee Punches","Boxing cardio conditioning","RunningHighKneePunch","HipFlexors","Chest|ElbowExtensors|ShoulderAbductors|ScapularGirdle|ForearmFlexorsAndPronators|IntrinsicHand|RotatorCuff|AbdominalWall|PosteriorThighAndKneeFlexors|MedialAndDeepKneeExtensors|LateralKneeExtensors|CalfDeepPosteriorLegAndPlantarFoot|Soleus|AnteriorLateralLowerLegAndDorsalFoot|BreathingMuscles","Continuous","Repetition","Motion","0","","running-high-knee-punches-fitness-republic.mp4","https://www.youtube.com/watch?v=WTEc4nmbZG0","https://www.youtube.com/watch?v=WTEc4nmbZG0","5.639","4.7","10","crop=ih:ih:iw*0.0625:0","false","false","A shod full-body human runs in place at normal speed while alternating complete straight punches; the phase-matched cut keeps every hand, foot, knee drive, and landing visible. Repeated closed fists, palm-down punch rotation, and shoulder deceleration directly support the reviewed hand, pronator, and cuff associations used by the catalog's other straight-punch drills."
"436","Four-Corner Saccades","Punch Jacks","Boxing cardio conditioning","PunchJack","HipAbductors","MajorHipAdductors|AccessoryHipAdductors|Chest|ElbowExtensors|ShoulderAbductors|ScapularGirdle|ForearmFlexorsAndPronators|IntrinsicHand|RotatorCuff|CalfDeepPosteriorLegAndPlantarFoot|Soleus|AnteriorLateralLowerLegAndDorsalFoot|BreathingMuscles","Continuous","Repetition","Motion","0","","punch-jacks-zoetic.mp4","https://www.youtube.com/watch?v=GmN6D8VCeuQ","https://www.youtube.com/watch?v=GmN6D8VCeuQ","2.736","11.2","10","crop=ih:ih:(iw-ih)/2:0","false","false","A shod full-body human repeatedly jumps the feet apart while throwing alternating straight punches, then returns to guard with the feet together; the complete established pattern loops naturally. Repeated closed fists, palm-down punch rotation, and shoulder deceleration directly support the reviewed hand, pronator, and cuff associations used by the catalog's other straight-punch drills."
"437","Bidirectional Clock-Face Saccades","Alternating High-Knee Under-Thigh Claps","Cardio coordination","HighKneeClap","HipFlexors","Chest|ShoulderAdductorsAndExtensors|ShoulderAbductors|ScapularGirdle|AbdominalWall|PosteriorThighAndKneeFlexors|MedialAndDeepKneeExtensors|LateralKneeExtensors|CalfDeepPosteriorLegAndPlantarFoot|Soleus|AnteriorLateralLowerLegAndDorsalFoot|BreathingMuscles","Continuous","Repetition","Motion","0","","high-knee-claps-garage-fitness-girl.mp4","https://www.youtube.com/watch?v=h5WOcepPgq4","https://www.youtube.com/watch?v=h5WOcepPgq4","0.56","18.4","10","crop=ih:ih:iw*0.34375:0","false","false","A shod full-body human alternates high knee drives with audible claps beneath each raised thigh; both sides, hands, feet, and every reset remain visible in one uninterrupted take."
"438","Bidirectional Square-Path Saccades","Fast Feet with Alternating Straight Punches","Boxing conditioning","FastFeetStraightPunch","ElbowExtensors","Chest|ShoulderAbductors|ScapularGirdle|ForearmFlexorsAndPronators|IntrinsicHand|RotatorCuff|HipFlexors|MedialAndDeepKneeExtensors|LateralKneeExtensors|CalfDeepPosteriorLegAndPlantarFoot|Soleus|AnteriorLateralLowerLegAndDorsalFoot|BreathingMuscles","Continuous","Repetition","Motion","0","","fast-feet-cross-punches.mp4","https://www.youtube.com/watch?v=qJUcCsxj2ZU","https://www.youtube.com/watch?v=qJUcCsxj2ZU","6.9","2.4","10","crop=ih:ih:(iw-ih)/2:0","false","false","A tight front-view cut shows uninterrupted fast feet with clearly alternating straight punches. The complete shod human remains centered and unobscured, and the phase boundary flows from one punch retracting to the opposite punch beginning without an idle lead-in or camera turn. Repeated closed fists, palm-down punch rotation, and shoulder deceleration directly support the same reviewed hand, pronator, shoulder, and cuff associations as the catalog's other straight-punch drills."
"439","Bidirectional Triangle-Path Saccades","Pogo Bounces with Fixed-Gaze Head Turns","Vestibular and neck conditioning","PogoHeadTurn","AnteriorLateralNeckAndHyoidMuscles","PosteriorNeckAndSuboccipitalMuscles|CranialMuscles|CalfDeepPosteriorLegAndPlantarFoot|Soleus|AnteriorLateralLowerLegAndDorsalFoot|BreathingMuscles","Continuous","Repetition","Motion","0","","pogo-bounces-head-turns.mp4","https://www.youtube.com/watch?v=HwwWY89VnYw","https://www.youtube.com/watch?v=HwwWY89VnYw","2.16","3.2","10","crop=ih:ih:(iw-ih)/2:0","false","false","A full-body human maintains continuous compact pogo bounces while fixing the gaze and repeatedly turning the head left and right in the source's VOR drill; the exact phase-matched cut contains no setup, transition, equipment, or travel."
"440","Cross-Pattern Saccades","Hook Punches to Tuck Jumps","Boxing and plyometric conditioning","HookPunchTuckJump","HipFlexors","Chest|ScapularGirdle|AbdominalWall|MedialAndDeepKneeExtensors|LateralKneeExtensors|CalfDeepPosteriorLegAndPlantarFoot|Soleus|AnteriorLateralLowerLegAndDorsalFoot|BreathingMuscles","Continuous","Repetition","Motion","0","","hook-punches-high-knee-tuck-jumps.mp4","https://www.youtube.com/watch?v=Ax1_Zy-AzUE","https://www.youtube.com/watch?v=Ax1_Zy-AzUE","5.405","12.079","10","crop=ih:ih:(iw-ih)/2:0","false","false","A phase-matched full-body cut repeatedly alternates visible hook-punch bursts with two-foot tuck jumps; the complete established interval stays in place and unobscured. The repeated high-impact takeoffs and landings provide the documented involuntary reflexive pelvic-floor training stimulus."
"441","Peripheral-Awareness Scan","Hook Punches to Rope-Free Jumps","Boxing and cardio conditioning","HookPunchRopelessJump","CalfDeepPosteriorLegAndPlantarFoot","Chest|ScapularGirdle|Soleus|AnteriorLateralLowerLegAndDorsalFoot|BreathingMuscles","Continuous","Repetition","Motion","0","","hook-punches-rope-free-jumps.mp4","https://www.youtube.com/watch?v=wr25db69otI","https://www.youtube.com/watch?v=wr25db69otI","3.203","7.074","10","crop=ih:ih:(iw-ih)/2:0","false","false","A phase-matched full-body cut alternates complete hook-punch bursts with visible rope-free jumps; the uninterrupted interval needs no rope, handles, or travel."
"442","Near-Point Convergence","Pogo Bounces with Fixed-Gaze Head Nods","Vestibular and neck conditioning","PogoHeadNod","PosteriorNeckAndSuboccipitalMuscles","AnteriorLateralNeckAndHyoidMuscles|CranialMuscles|CalfDeepPosteriorLegAndPlantarFoot|Soleus|AnteriorLateralLowerLegAndDorsalFoot|BreathingMuscles","Continuous","Repetition","Motion","0","","pogo-bounces-head-nods.mp4","https://www.youtube.com/watch?v=HwwWY89VnYw","https://www.youtube.com/watch?v=HwwWY89VnYw","8.46","4.9","10","crop=ih:ih:(iw-ih)/2:0","false","false","A full-body human maintains continuous compact pogo bounces while fixing the gaze and repeatedly nodding the head up and down in the source's VOR drill; the exact phase-matched cut excludes every setup and transition frame."
"443","Horizontal Gaze Stabilization","Squat Jump with Double Punch","Boxing and plyometric conditioning","SquatJumpDoublePunch","MedialAndDeepKneeExtensors","LateralKneeExtensors|GlutealExtensors|PosteriorThighAndKneeFlexors|CalfDeepPosteriorLegAndPlantarFoot|Soleus|ElbowExtensors|Chest|ShoulderAbductors|ScapularGirdle|ForearmFlexorsAndPronators|IntrinsicHand|RotatorCuff|AbdominalWall|SpinalExtensors|DeepAndIntersegmentalBack|BreathingMuscles","Continuous","Repetition","Motion","0","","squat-jump-punches.mp4","https://www.youtube.com/watch?v=ZbU0h79jrgU","https://www.youtube.com/watch?v=ZbU0h79jrgU","6.673","8.233","10","crop=ih:ih:(iw-ih)/2:0","false","false","A title-free phase-matched cut shows a shod full-body human repeatedly completing the squat, jump, landing, and simultaneous double punch at normal speed. The visible closed fists, palm-down punch rotation, shoulder elevation, and deceleration directly support the same reviewed hand, pronator, shoulder, and cuff associations as the catalog's other straight-punch drills. Repeated countermovement takeoffs and impact landings supply the documented reflexive pelvic-floor training stimulus."
"444","Vertical Gaze Stabilization","Pogo Bounces with Fixed-Gaze Head Tilts","Vestibular and neck conditioning","PogoHeadTilt","AnteriorLateralNeckAndHyoidMuscles","PosteriorNeckAndSuboccipitalMuscles|CranialMuscles|CalfDeepPosteriorLegAndPlantarFoot|Soleus|AnteriorLateralLowerLegAndDorsalFoot|BreathingMuscles","Continuous","Repetition","Motion","0","","pogo-bounces-head-tilts.mp4","https://www.youtube.com/watch?v=HwwWY89VnYw","https://www.youtube.com/watch?v=HwwWY89VnYw","16.725","2.48","10","crop=ih:ih:(iw-ih)/2:0","false","false","A full-body human maintains continuous compact pogo bounces while fixing the gaze through one complete left-right head-tilt cycle in the source's VOR drill; the phase-matched cut remains compact, unobscured, and equipment-free."
"445","Four-Direction Gaze Stabilization","Imaginary Jump Rope with Changing Feet","Rope-free cardio conditioning","ImaginaryJumpRopeChangingFeet","CalfDeepPosteriorLegAndPlantarFoot","Soleus|ForearmExtensorsAndSupinators|ForearmFlexorsAndPronators|BreathingMuscles","Continuous","Repetition","Motion","0","","imaginary-jump-rope-changing-feet.mp4","https://www.youtube.com/watch?v=Wi1nClKdbT4","https://www.youtube.com/watch?v=Wi1nClKdbT4","11.1","3.8","10","crop=620:620:330:50","false","false","A full shod human repeatedly changes a low staggered foot position while hopping and visibly circling both wrists as an imaginary rope. The title-free phase is distinct from high-knee skipping, stays within one footprint, and keeps every hand and foot visible."
"446","Horizontal VOR Cancellation","Overhead Arm Claps","Upper-body warm-up","OverheadArmClap","ShoulderAbductors","ScapularGirdle","Continuous","Repetition","Motion","0","","overhead-arm-claps.mp4","https://www.youtube.com/watch?v=ZU-tvgOToEk","https://www.youtube.com/watch?v=ZU-tvgOToEk","7.2","7.2","10","crop=460:360:120:0","false","false","A planted shod full-body human completes repeated shoulder-height-to-overhead palm-clap cycles at normal speed; the wide crop retains both fingertips and both shoes through a matched shoulder-height loop boundary."
"447","Vertical VOR Cancellation","Standing Seal Claps","Bodyweight upper-body warm-up","SealClap","Chest","ScapularGirdle|ShoulderAbductors","Continuous","Repetition","Motion","0","","standing-seal-claps.mp4","https://www.youtube.com/watch?v=pi5FvInMNrw","https://www.youtube.com/watch?v=pi5FvInMNrw","2","5.75","10","crop=ih:ih:(iw-ih)/2:0","false","false","An unobscured full-body cut shows several planted front-clap to full-horizontal-open to front-clap cycles; both fingertips and both feet remain visible until the matched closing pose."
"448","Horizontal VOR x1","Tuck Jump with Stick Landing","Plyometric landing mechanics","TuckJumpStickLanding","MedialAndDeepKneeExtensors","LateralKneeExtensors|GlutealExtensors|PosteriorThighAndKneeFlexors|HipFlexors|CalfDeepPosteriorLegAndPlantarFoot|Soleus|AbdominalWall","Continuous","Repetition","Motion","0","","tuck-jump-stick-landing.mp4","https://www.youtube.com/watch?v=LtGjGJCaNqE","https://www.youtube.com/watch?v=LtGjGJCaNqE","3.4","4","10","crop=ih:ih:(iw-ih)/2:0","false","false","A centered shod full-body human completes a compact tuck jump, lands in a controlled squat, visibly sticks the landing, resets, and repeats; the phase-matched cut retains every takeoff, knee tuck, foot, and hold. The high-impact takeoff and controlled landing provide a documented involuntary reflexive pelvic-floor training stimulus."
"449","Vertical VOR x1","Qigong Waist-Twist Body Taps","Qigong","WaistTwistBodyTap","DeepAndIntersegmentalBack","AbdominalWall","Continuous","Repetition","Motion","0","","qigong-waist-twist-body-taps.mp4","https://www.youtube.com/watch?v=y4IlxCK2bDQ","https://www.youtube.com/watch?v=y4IlxCK2bDQ","23.52","6.125","8","crop=ih:ih:(iw-ih)/2:0","false","false","A phase-matched full-body cut keeps both feet rooted while continuously waist-twisting and letting the hands visibly tap the front and back of the torso in the established qigong pattern."
"450","Four-Direction VOR x1","Vertical Jump with Controlled Landing","Plyometric landing mechanics","VerticalJumpControlledLanding","MedialAndDeepKneeExtensors","LateralKneeExtensors|GlutealExtensors|CalfDeepPosteriorLegAndPlantarFoot|Soleus","Continuous","Repetition","Motion","0","","vertical-jump-controlled-landing.mp4","https://www.youtube.com/watch?v=FDEjKyiY9h8","https://www.youtube.com/watch?v=FDEjKyiY9h8","5.2","4.4","10","crop=ih:ih:(iw-ih)/2:0","false","false","One exact phase-matched full-body neutral-to-neutral cycle shows a countermovement, vertical jump, controlled squat landing, and deliberate reset without travel or equipment. This close countermovement-jump analogue provides a documented involuntary reflexive pelvic-floor training stimulus."
"451","Horizontal VOR x2","Power Jacks","Plyometric conditioning","PowerJack","MedialAndDeepKneeExtensors","LateralKneeExtensors|GlutealExtensors|MajorHipAdductors|AccessoryHipAdductors|HipAbductors|ShoulderAbductors|ScapularGirdle|CalfDeepPosteriorLegAndPlantarFoot|Soleus|BreathingMuscles","Continuous","Repetition","Motion","0","","power-jacks.mp4","https://www.youtube.com/watch?v=alaZwJE20Ds","https://www.youtube.com/watch?v=alaZwJE20Ds","34.03","3.7","10","crop=ih:ih:(iw-ih)/2:0","false","false","A shod full-body human repeatedly jumps from a narrow upright stance into a deep wide squat while sweeping both arms overhead; the clean phase-matched cut contains two complete established power-jack cycles. Its repeated countermovement takeoffs and impact landings provide the documented involuntary reflexive pelvic-floor training stimulus."
"452","Vertical VOR x2","Squat Jump with Quarter Turn","Plyometric conditioning","QuarterTurnSquatJump","DeepHipRotators","MedialAndDeepKneeExtensors|LateralKneeExtensors|GlutealExtensors|HipAbductors|CalfDeepPosteriorLegAndPlantarFoot|Soleus|AnteriorLateralLowerLegAndDorsalFoot|AbdominalWall|BreathingMuscles","Continuous","Repetition","Motion","0","","squat-jump-quarter-turn.mp4","https://www.youtube.com/watch?v=QwHxAwzWwSE","https://www.youtube.com/watch?v=QwHxAwzWwSE","7.9","2.5","10","crop=ih:ih:(iw-ih)/2:0","false","false","A shod full-body human completes a compact front-to-quarter-turn squat jump and returns to face front; the natural two-jump cycle repeats without setup, support, or travel."
"453","Head-and-Eyes Same-Direction Turn","Ski Twists","Plyometric conditioning","SkiTwist","AbdominalWall","DeepHipRotators|HipAbductors|CalfDeepPosteriorLegAndPlantarFoot|Soleus|AnteriorLateralLowerLegAndDorsalFoot|BreathingMuscles","Continuous","Repetition","Motion","0","","ski-twists.mp4","https://www.youtube.com/watch?v=ELi2NNCDfpc","https://www.youtube.com/watch?v=ELi2NNCDfpc","13.6","1.5","10","crop=ih:ih:(iw-ih)/2:0","false","false","A full shod human performs the established ski-twist pattern at normal speed: compact two-foot hops rotate the feet and pelvis side to side while the torso counter-rotates, with no equipment or travel."
"454","Head-and-Eyes Opposite-Direction Turn","Alternating Lateral Bounds with Stick Landings","Plyometric landing mechanics","AlternatingLateralBoundStickLanding","HipAbductors","GlutealExtensors|PosteriorThighAndKneeFlexors|MedialAndDeepKneeExtensors|LateralKneeExtensors|CalfDeepPosteriorLegAndPlantarFoot|Soleus","Continuous","Repetition","Motion","0","","alternating-lateral-bounds-stick-landings.mp4","https://www.youtube.com/watch?v=10GaQRD5ap0","https://www.youtube.com/watch?v=10GaQRD5ap0","1.4","7.4","10","crop=ih:ih:(iw-ih)/2:0","false","false","A lone shod full-body human bounds laterally in both directions, settles into a visible one-leg stick landing after each bound, and repeats inside a compact phase-matched loop without support or used equipment. Its firm single-leg impact landings provide the same involuntary reflexive pelvic-floor training stimulus documented for high-impact jump landings."
"455","Eyes-Lead Head Turn","High-Impact Standing Mountain Climbers","Bodyweight cardio conditioning","StandingMountainClimberHighImpact","HipFlexors","ShoulderAdductorsAndExtensors|ElbowFlexors|ScapularGirdle|MedialAndDeepKneeExtensors|LateralKneeExtensors|GlutealExtensors|PosteriorThighAndKneeFlexors|CalfDeepPosteriorLegAndPlantarFoot|Soleus|AnteriorLateralLowerLegAndDorsalFoot|BreathingMuscles","Continuous","Repetition","Motion","0","","high-impact-standing-mountain-climbers.mp4","https://www.youtube.com/watch?v=128Ff42qW2I","https://www.youtube.com/watch?v=128Ff42qW2I","15.9","2.2","10","crop=ih:ih:(iw-ih)/2:0","false","false","A shod full-body human runs in place with alternating high knees and opposite overhead-to-down arm pulls; several complete bilateral reps remain visible in the phase-matched stationary loop."
"456","Head-Lead Eyes Turn","Alternating High-Knee Pulldown Run","Bodyweight cardio conditioning","AlternatingHighKneePulldownRun","ShoulderAdductorsAndExtensors","ElbowFlexors|ScapularGirdle|HipFlexors|MedialAndDeepKneeExtensors|LateralKneeExtensors|GlutealExtensors|PosteriorThighAndKneeFlexors|CalfDeepPosteriorLegAndPlantarFoot|Soleus|AnteriorLateralLowerLegAndDorsalFoot|BreathingMuscles","Continuous","Repetition","Motion","0","","alternating-high-knee-pulldown-run.mp4","https://www.youtube.com/watch?v=NK3T8VpsOrg","https://www.youtube.com/watch?v=NK3T8VpsOrg","2.2","3.2","10","crop=ih:ih:210:0","false","false","A shod full-body human runs in place while both arms repeatedly reach overhead and pull down toward alternating high knees; the right-shifted crop removes the source label while preserving every hand, knee, foot, and complete bilateral rep."
"457","Horizontal Gaze Shift Between Thumbs","Switch Lunge Uppercuts","Bodyweight cardio boxing","SwitchLungeUppercut","ElbowFlexors","MedialAndDeepKneeExtensors|LateralKneeExtensors|GlutealExtensors|PosteriorThighAndKneeFlexors|HipFlexors|CalfDeepPosteriorLegAndPlantarFoot|Soleus|AnteriorLateralLowerLegAndDorsalFoot|AbdominalWall|BreathingMuscles","Continuous","Repetition","Motion","0","","switch-lunge-uppercuts.mp4","https://www.youtube.com/watch?v=blEpFr41iOw","https://www.youtube.com/watch?v=blEpFr41iOw","3","2.7","10","crop=ih:ih:(iw-ih)/2:0","false","false","A full shod human alternates airborne split-stance switches with a complete uppercut on every landing; both sides remain visible in the compact, phase-matched normal-speed loop."
"458","Nasagra Drishti","Single-Leg Rotational Hops","Plyometric balance conditioning","SingleLegRotationalHop","DeepHipRotators","HipAbductors|GlutealExtensors|PosteriorThighAndKneeFlexors|MedialAndDeepKneeExtensors|LateralKneeExtensors|CalfDeepPosteriorLegAndPlantarFoot|Soleus","ScreenRightThenLeft","Repetition","Motion","0","","single-leg-rotational-hops.mp4","https://www.youtube.com/watch?v=-vpMgCzcb6Q","https://www.youtube.com/watch?v=-vpMgCzcb6Q","0.5","5.5","10","crop=ih:ih:(iw-ih)/2:0","false","false","A full shod human repeatedly hops and rotates back and forth on the screen-right support leg at normal speed; the complete compact loop stays unobscured and the timed mirrored phase supplies the other leg."
"459","Bhrumadhya Drishti","Goal Post Jacks","Bodyweight cardio conditioning","GoalPostJack","RotatorCuff","ShoulderAbductors|ScapularGirdle|Chest|HipAbductors|MajorHipAdductors|AccessoryHipAdductors|CalfDeepPosteriorLegAndPlantarFoot|Soleus|AnteriorLateralLowerLegAndDorsalFoot|BreathingMuscles","Continuous","Repetition","Motion","0","","goal-post-jacks.mp4","https://www.youtube.com/watch?v=nEOWvVCRL9I","https://www.youtube.com/watch?v=nEOWvVCRL9I","4.1","2.9","10","crop=ih:ih:(iw-ih)/2:0","false","false","A lone shod full-body human repeatedly jumps the feet apart while opening both bent arms into a clear 90-degree goal-post position, then jumps closed as the forearms meet; the phase-matched loop keeps all limbs visible."
"460","Slow Blink Cycle","Jogging in Place with Forward Arm Circles","Bodyweight cardio conditioning","JogInPlaceForwardArmCircle","ShoulderAbductors","RotatorCuff|ShoulderAdductorsAndExtensors|ScapularGirdle|HipFlexors|PosteriorThighAndKneeFlexors|MedialAndDeepKneeExtensors|LateralKneeExtensors|CalfDeepPosteriorLegAndPlantarFoot|Soleus|AnteriorLateralLowerLegAndDorsalFoot|BreathingMuscles","Continuous","Repetition","Motion","0","","jogging-in-place-forward-arm-circles.mp4","https://www.youtube.com/watch?v=9TqU9uYroTw","https://www.youtube.com/watch?v=9TqU9uYroTw","1.3","2.3","10","crop=ih:ih:(iw-ih)/2:0","false","false","A centered shod full-body human jogs continuously in place while both straight arms complete repeated forward circles; the clean loop retains every fingertip, footfall, and circle phase without travel."
"461","Angusthamadhye Drishti","High Knees with Bent-Arm Circles","Bodyweight cardio conditioning","HighKneeBentArmCircle","ShoulderAbductors","RotatorCuff|ShoulderAdductorsAndExtensors|ScapularGirdle|HipFlexors|PosteriorThighAndKneeFlexors|MedialAndDeepKneeExtensors|LateralKneeExtensors|CalfDeepPosteriorLegAndPlantarFoot|Soleus|AnteriorLateralLowerLegAndDorsalFoot|AbdominalWall|BreathingMuscles","Continuous","Repetition","Motion","0","","high-knees-bent-arm-circles.mp4","https://www.youtube.com/watch?v=218cZTcaL88","https://www.youtube.com/watch?v=218cZTcaL88","4.3","1.9","10","crop=ih:ih:(iw-ih)/2:0","false","false","A full shod human keeps alternating high knees airborne while both bent arms trace continuous large circles around the head; the unobscured compact loop shows the complete repeated pattern at normal speed."
"462","Slow Vertical Gaze Sweep","Two-Foot Fake Jump Rope","Rope-free cardio conditioning","FakeJumpRope","CalfDeepPosteriorLegAndPlantarFoot","Soleus|ForearmExtensorsAndSupinators|ForearmFlexorsAndPronators|BreathingMuscles","Continuous","Repetition","Motion","0","","two-foot-fake-jump-rope.mp4","https://www.youtube.com/watch?v=523zwCCSUx4","https://www.youtube.com/watch?v=523zwCCSUx4","0.7","2.8","10","crop=ih:ih:(iw-ih)/2:0","false","false","A full shod human performs continuous two-foot faux-rope hops while both wrists visibly circle. The title-free, phase-matched loop is compact, unobscured, and uses no rope or handles."
"463","Vertical Gaze Ladder","Fake Jump Rope with High Knees","Rope-free cardio conditioning","FakeJumpRopeHighKnees","HipFlexors","CalfDeepPosteriorLegAndPlantarFoot|Soleus|ForearmExtensorsAndSupinators|ForearmFlexorsAndPronators|BreathingMuscles","Continuous","Repetition","Motion","0","","fake-jump-rope-high-knees.mp4","https://www.youtube.com/watch?v=4fQsO44XEBc","https://www.youtube.com/watch?v=4fQsO44XEBc","4.2","2.1","10","crop=ih:ih:(iw-ih)/2:0","false","false","A full shod human alternates airborne high knees while both wrists continuously circle an imaginary rope. Both legs appear naturally inside the clean, title-free loop."
"464","Eye Squeeze and Release","Fake Jump Rope with Heel Taps","Rope-free cardio conditioning","FakeJumpRopeHeelTaps","CalfDeepPosteriorLegAndPlantarFoot","Soleus|AnteriorLateralLowerLegAndDorsalFoot|ForearmExtensorsAndSupinators|ForearmFlexorsAndPronators|BreathingMuscles","Continuous","Repetition","Motion","0","","fake-jump-rope-heel-taps.mp4","https://www.youtube.com/watch?v=l6QRae8s5FM","https://www.youtube.com/watch?v=l6QRae8s5FM","1.8","1.8","10","crop=ih:ih:(iw-ih)/2:0","false","false","A full shod human visibly hops between alternating forward heel taps while both wrists circle an imaginary rope. The short phase-matched loop retains every hand and foot without travel or equipment."
"465","Vertical Near-Far Gaze Shift","Single-Leg Imaginary Jump Rope","Rope-free cardio conditioning","SingleLegImaginaryJumpRope","CalfDeepPosteriorLegAndPlantarFoot","Soleus|ForearmExtensorsAndSupinators|ForearmFlexorsAndPronators|BreathingMuscles","ScreenLeftThenRight","Repetition","Motion","0","","single-leg-imaginary-jump-rope.mp4","https://www.youtube.com/watch?v=oEdpSwg0kuk","https://www.youtube.com/watch?v=oEdpSwg0kuk","34.4","2.9","10","crop=ih:ih:(iw-ih)/2:0","false","false","A full shod human repeatedly hops on the screen-left foot while both wrists visibly circle an imaginary rope. The phase-matched source remains stationary, and Nomadic Method mirrors the reviewed movement for the timed second leg."
"466","Infinity Gaze Tracing","Alternating Sumo-Squat Stomps","Bodyweight conditioning","Squat","MajorHipAdductors","HipFlexors|GlutealExtensors|MedialAndDeepKneeExtensors|LateralKneeExtensors|PosteriorThighAndKneeFlexors","Continuous","Repetition","Motion","0","","alternating-sumo-squat-stomps.mp4","https://www.youtube.com/watch?v=9frsSF3ap6A","https://www.youtube.com/watch?v=9frsSF3ap6A","7.2","7.6","10","crop=360:360:140:0","false","false","A full shod human alternates a clear knee lift and stomp into a wide sumo squat on both sides. The phase-matched normal-speed loop stays planted inside two metres; the clasped arms and mostly fixed upper body keep it outside insect mode, while each defining stomp is naturally audible."
"467","Alternating Eight-Brocades Wise Owl Gazes Backward","Look Up and Down","Active neck mobility","NeckFlexExtension","PosteriorNeckAndSuboccipitalMuscles","AnteriorLateralNeckAndHyoidMuscles","Continuous","Repetition","Motion","0","","mark-wildman-neck-drill.mp4","https://www.youtube.com/watch?v=9enAikPH_k8","https://www.youtube.com/watch?v=9enAikPH_k8","93.8","9","10","crop=ih*0.70:ih*0.70:(iw-ih*0.70)/2:0","false","false","The standing demonstrator alternates neck extension with his gaze upward and neck flexion with his chin moving toward his chest. A complete active flexion-extension cycle rather than a held posterior or anterior stretch."
"468","Slow Alternating Head Turn","Scarecrow Jacks","Bodyweight cardio conditioning","ScarecrowJack","RotatorCuff","ShoulderAbductors|HipAbductors|CalfDeepPosteriorLegAndPlantarFoot","Continuous","Repetition","Motion","0","","scarecrow-jacks.mp4","https://www.youtube.com/watch?v=Qknn99tW5Nk","https://www.youtube.com/watch?v=Qknn99tW5Nk","2.7","2.5","10","crop=900:720:0:0","false","false","A full shod human alternates compact lateral hop-and-leg reaches while both bent arms repeatedly rotate through the exact scarecrow positions. The wider crop preserves every hand and foot plus the complete source label, and the phase-matched normal-speed loop contains both directions."
"469","Slow Cervical Retraction","Arm-Circle Jumping Jacks","Bodyweight cardio conditioning","ArmCircleJumpingJack","RotatorCuff","ShoulderAbductors|HipAbductors|CalfDeepPosteriorLegAndPlantarFoot|Soleus|BreathingMuscles","Continuous","Repetition","Motion","0","","arm-circle-jumping-jacks.mp4","https://www.youtube.com/watch?v=F96wIonRoPI","https://www.youtube.com/watch?v=F96wIonRoPI","13.2","2.7","10","crop=640:720:320:0","false","false","A centered shod full-body human performs three normal-speed jumping-jack cycles while both arms trace the source's complete circular path. The title-free crop retains every hand and foot and extends through the next matching arms-down, feet-closed phase for a natural loop boundary."
"470","Slow Cervical Protraction","Windmill Jacks","Bodyweight cardio conditioning","WindmillJack","DeepAndIntersegmentalBack","SpinalExtensors|AbdominalWall|PosteriorThighAndKneeFlexors|MajorHipAdductors|AccessoryHipAdductors|CalfDeepPosteriorLegAndPlantarFoot|Soleus|BreathingMuscles","Continuous","Repetition","Motion","0","","windmill-jacks.mp4","https://www.youtube.com/watch?v=hlWz7SIu6Qc","https://www.youtube.com/watch?v=hlWz7SIu6Qc","7.2","3.6","10","crop=880:720:200:0","false","false","A full-body human repeatedly hops wide, hinges and rotates to alternate opposite-foot windmill reaches, then hops closed. Both sides, hands, and feet remain visible in the phase-matched equipment-free loop."
"471","Slow Neck Flexion-Extension Flow","Single-Leg Quarter-Turn Jumps with Stick Landings","Plyometric landing mechanics","SingleLegQuarterTurnHopStickLanding","DeepHipRotators","HipAbductors|GlutealExtensors|PosteriorThighAndKneeFlexors|MedialAndDeepKneeExtensors|LateralKneeExtensors|CalfDeepPosteriorLegAndPlantarFoot|Soleus","ScreenLeftThenRight","Repetition","Motion","0","","single-leg-quarter-turn-hop-stick.mp4","https://www.youtube.com/watch?v=p4voRryQIMw","https://www.youtube.com/watch?v=p4voRryQIMw","0.9","10.1","10","crop=360:360:120:0","false","false","A stationary full shod human performs two complete quarter-turn jumps on the screen-left support leg, visibly sticks each landing, and uses deliberate pivot resets without travelling. The phase-matched loop retains the natural pauses, and Nomadic Method mirrors the reviewed sequence for the other support leg. Each firm single-leg landing provides the involuntary reflexive pelvic-floor training stimulus documented for high-impact jumps."
"472","Bidirectional Head Survey Arc","Hinge Jumps","Plyometric posterior-chain conditioning","HingeJump","GlutealExtensors","PosteriorThighAndKneeFlexors|SpinalExtensors|DeepAndIntersegmentalBack|MedialAndDeepKneeExtensors|LateralKneeExtensors|CalfDeepPosteriorLegAndPlantarFoot|Soleus|AbdominalWall|BreathingMuscles","Continuous","Repetition","Motion","0","","hinge-jumps.mp4","https://www.youtube.com/watch?v=MHjQMT775pA","https://www.youtube.com/watch?v=MHjQMT775pA","6.5","4.4","10","crop=720:720:280:0","false","false","A full shod human performs four continuous equipment-free hinge-to-jump repetitions at normal speed. The complete hips-back hinge, takeoff, landing, hands, and feet remain visible with margin in the phase-continuous compact loop."
"473","Qigong Tiger Watches Prey","Bouncing Uppercuts","Boxing cardio conditioning","BouncingUppercut","ElbowFlexors","AbdominalWall|CalfDeepPosteriorLegAndPlantarFoot|Soleus|BreathingMuscles","Continuous","Repetition","Motion","0","","bouncing-uppercuts.mp4","https://www.youtube.com/watch?v=sq89s6ECt9M","https://www.youtube.com/watch?v=sq89s6ECt9M","6.4","3.6","10","crop=ih:ih:(iw-ih)/2:0","false","false","A full shod human maintains continuous compact boxer-bounce hops while alternating complete uppercuts. Both arms, every landing, and the guarded reset remain visible in the phase-matched equipment-free loop."
"474","Ballet Spotting Drill","Head Glide Forward and Back","Active neck mobility","HeadGlide","AnteriorLateralNeckAndHyoidMuscles","PosteriorNeckAndSuboccipitalMuscles","Continuous","Repetition","Motion","0","","mark-wildman-neck-drill.mp4","https://www.youtube.com/watch?v=9enAikPH_k8","https://www.youtube.com/watch?v=9enAikPH_k8","123.8","7.6","10","crop=ih*0.70:ih*0.70:(iw-ih*0.70)/2:0","false","false","The standing demonstrator keeps his head level while translating it forward, then retracting it into a visible chin tuck. A large, readable sagittal translation; it does not depend on an invisible resistance cue."
"475","Jazz Head Isolation","March in Place with Head Turns","Balance and neck mobility","HeadTurnMarch","AnteriorLateralNeckAndHyoidMuscles","PosteriorNeckAndSuboccipitalMuscles","Continuous","Repetition","Motion","0","","march-in-place-head-turns.mp4","https://www.youtube.com/watch?v=dBpD2g0AEco","https://www.youtube.com/watch?v=dBpD2g0AEco","62.3","15","8","crop=iw*0.40:ih:iw*0.18:0","false","false","The full-body human marches in place while naturally alternating clear left and right head turns; the movement is distinct, worthwhile, and immediately copyable."
"476","Dance Head Slide","Single-Side High-Knee Pulls with Hop","Bodyweight cardio conditioning","SingleSideHighKneePullHop","HipFlexors","ShoulderAdductorsAndExtensors|ScapularGirdle|MedialAndDeepKneeExtensors|LateralKneeExtensors|CalfDeepPosteriorLegAndPlantarFoot|Soleus|BreathingMuscles","ScreenLeftThenRight","Repetition","Motion","0","","single-side-high-knee-pulls-hop.mp4","https://www.youtube.com/watch?v=NgSxACH6iOE","https://www.youtube.com/watch?v=NgSxACH6iOE","4","4","10","crop=ih:ih:(iw-ih)/2:0","false","false","A full shod human repeatedly hops on the support foot while driving the screen-left knee up and pulling both nearly straight arms from overhead toward the knee. The exact one-side phase keeps every hand, foot, takeoff, and landing visible; Nomadic Method mirrors it for the timed second side."
"477","Dance Head Roll","Feet-Together Head Nods","Balance and neck mobility","HeadNod","PosteriorNeckAndSuboccipitalMuscles","AnteriorLateralNeckAndHyoidMuscles","Continuous","Repetition","Motion","0","","feet-together-head-nods.mp4","https://www.youtube.com/watch?v=81sfTXQ6zjc","https://www.youtube.com/watch?v=81sfTXQ6zjc","10","13.5","10","crop=ih:ih:(iw-ih)/2:0","false","false","A standing human keeps both feet together and repeatedly looks up and down through a complete, visible nodding path."
"478","Dance Head Accent Front","Eye-Tracking Rotational Jumps","Vestibular and visual-motor conditioning","EyeTrackingRotationalJump","CranialMuscles","PosteriorNeckAndSuboccipitalMuscles|AnteriorLateralNeckAndHyoidMuscles|DeepHipRotators|MedialAndDeepKneeExtensors|LateralKneeExtensors|CalfDeepPosteriorLegAndPlantarFoot|Soleus","ScreenLeftThenRight","Repetition","Motion","0","","eye-tracking-rotational-jumps.mp4","https://www.youtube.com/watch?v=Y17g4tnSjok","https://www.youtube.com/watch?v=Y17g4tnSjok","12.5","3.2","10","crop=ih:ih:(iw-ih)/2:0","false","false","A full shod human fixes the eyes on the screen-left thumb through one complete compact rotational jump-out-and-return cycle. The target, head turn, feet, landing, and deliberate reset stay visible, and the target-held reset repeats cleanly before Nomadic Method mirrors the reviewed phase for the other side."
"479","Side-to-Side Dance Head Accent","Cross-Body Punch Jacks","Boxing cardio conditioning","CrossBodyPunchJack","ElbowExtensors","Chest|ShoulderAbductors|ScapularGirdle|ForearmFlexorsAndPronators|IntrinsicHand|RotatorCuff|HipAbductors|MajorHipAdductors|AccessoryHipAdductors|CalfDeepPosteriorLegAndPlantarFoot|Soleus|BreathingMuscles","Continuous","Repetition","Motion","0","","cross-body-punch-jacks.mp4","https://www.youtube.com/watch?v=vYeBVrxBxgA","https://www.youtube.com/watch?v=vYeBVrxBxgA","4.6","5","10","crop=ih:ih:(iw-ih)/2:0","false","false","A full shod human repeatedly jumps the feet apart while alternating complete cross-body straight punches, then returns both feet and hands to guard. Four unobscured bilateral reps remain in the phase-matched compact loop. Repeated closed fists, palm-down punch rotation, and shoulder deceleration directly support the same reviewed hand, pronator, shoulder, and cuff associations as the catalog's other straight-punch drills."
"480","Dance Head Accent Diagonal","Three-Part Arm Inhale with Forceful Fold Exhale","Breath-led yoga","BreathOfJoyFlow","BreathingMuscles","ShoulderAbductors|ScapularGirdle|PosteriorThighAndKneeFlexors","Continuous","Repetition","Motion","0","","breath-of-joy-flow.mp4","https://www.youtube.com/watch?v=GWDU6Skb--c","https://www.youtube.com/watch?v=GWDU6Skb--c","79","4.3","10","crop=840:720:400:0","false","false","A full-body human completes the established Breath of Joy cycle: three successive inhaling arm sweeps rise from the fold, followed by a forceful exhaling forward fold. The plain name exposes the breathing contract, and the clean wide crop preserves every hand, foot, and matched folded loop boundary."
"481","Quarter-Turn Spotting Drill","Head Glide Side to Side","Active neck mobility","HeadGlide","AnteriorLateralNeckAndHyoidMuscles","PosteriorNeckAndSuboccipitalMuscles","Continuous","Repetition","Motion","0","","mark-wildman-neck-drill.mp4","https://www.youtube.com/watch?v=9enAikPH_k8","https://www.youtube.com/watch?v=9enAikPH_k8","162.05","9.65","10","crop=ih*0.70:ih*0.70:(iw-ih*0.70)/2:0","false","false","The standing demonstrator translates his upright head left and right without rotating it or tipping either ear toward a shoulder. The clear translation path replaces the catalog's removed, too-subtle dance neck isolations."
"482","Continuous Spot-Turn Drill","Feet-Together Head Tilts","Balance and neck mobility","HeadTilt","AnteriorLateralNeckAndHyoidMuscles","PosteriorNeckAndSuboccipitalMuscles","Continuous","Repetition","Motion","0","","feet-together-head-tilts.mp4","https://www.youtube.com/watch?v=81sfTXQ6zjc","https://www.youtube.com/watch?v=81sfTXQ6zjc","24","14.3","10","crop=ih:ih:(iw-ih)/2:0","false","false","A standing human keeps both feet together and alternates visible ear-to-shoulder head tilts without support or specialist choreography."
"483","Pirouette Spotting Drill","Standing Diagonal Head Turns","Active neck mobility","DiagonalHeadTurn","PosteriorNeckAndSuboccipitalMuscles","AnteriorLateralNeckAndHyoidMuscles","Continuous","Repetition","Motion","0","","standing-diagonal-head-turns.mp4","https://www.youtube.com/watch?v=IhJ_SlCnWb4","https://www.youtube.com/watch?v=IhJ_SlCnWb4","292.6","4","10","crop=iw*0.40:ih:iw*0.30:0","false","false","The standing human completes two natural diagonal head-turn cycles in one phase-matched view, making the path obvious without a timed side."
"484","Alternating Ballroom Head Turn","Goddess Squat with Lion's Breath","Yoga breathing","GoddessSquatLionsBreath","BreathingMuscles","CranialMuscles|AbdominalWall|MajorHipAdductors|DeepHipRotators|GlutealExtensors|MedialAndDeepKneeExtensors|LateralKneeExtensors|ShoulderAbductors|RotatorCuff|ScapularGirdle","Continuous","Repetition","Motion","0","","goddess-squat-lions-breath.mp4","https://www.youtube.com/watch?v=duIUF1KmIa8","https://www.youtube.com/watch?v=duIUF1KmIa8","754.2","7.7","10","crop=360:360:0:19","false","false","A full human completes two established goddess-squat Lion's Breath cycles: wide squat descent, cactus arms, visible tongue-and-face action, forceful exhale, and crossed-arm standing reset. Every hand and foot remains visible and the matching reset repeats cleanly."
"485","Tango Head Flick","Cupped-Palm Armpit Tapping","Eight Nests qigong","ArmpitCuppedPalmTapping","ShoulderAbductors","ScapularGirdle|RotatorCuff","ScreenLeftThenRight","Repetition","Motion","0","","cupped-palm-armpit-tapping.mp4","https://www.youtube.com/watch?v=sTEmaYkbIlU","https://www.youtube.com/watch?v=sTEmaYkbIlU","207.4","5.7","10","crop=360:360:140:0","false","false","A stable full-body shot shows the screen-left arm held overhead while the opposite cupped palm repeatedly taps the exposed armpit. The exact one-side tapping phase loops cleanly before Nomadic Method mirrors it for the timed second side."
"486","Alternating Directional Gaze-and-Head Turn","Bent-Over Back-of-Knee Tapping","Eight Nests qigong","BentOverBackOfKneeTapping","SpinalExtensors","DeepAndIntersegmentalBack|PosteriorThighAndKneeFlexors","Continuous","Repetition","Motion","0","","bent-over-back-of-knee-tapping.mp4","https://www.youtube.com/watch?v=sTEmaYkbIlU","https://www.youtube.com/watch?v=sTEmaYkbIlU","264","7.3","10","crop=360:360:140:0","false","false","A fixed-scale full-body rear view shows a sustained unsupported hip hinge while both palms rhythmically tap behind the knees. The complete bilateral tapping phase ends before the source zoom and returns to the same hinge pose at the loop boundary."
"487","Bharatanatyam Sama Shiro","Squat-Jack Uppercuts","Bodyweight cardio boxing","SquatJackUppercut","MedialAndDeepKneeExtensors","ElbowFlexors|LateralKneeExtensors|GlutealExtensors|MajorHipAdductors|AccessoryHipAdductors|HipAbductors|CalfDeepPosteriorLegAndPlantarFoot|Soleus|Chest|ScapularGirdle|AbdominalWall|BreathingMuscles","Continuous","Repetition","Motion","0","","squat-jack-uppercuts.mp4","https://www.youtube.com/watch?v=uwljZs1Z6dc","https://www.youtube.com/watch?v=uwljZs1Z6dc","11.567","4.2","10","crop=720:720:280:0","false","false","A full shod human completes two alternating airborne jack-outs into wide squat landings while driving a true uppercut on each side, then jumps the feet closed. Every hand, foot, takeoff, and landing remains visible in the source-established phase-matched cycle."
"488","Bharatanatyam Udvahita Shiro Hold","Single-Leg Vertical Jump with Stick Landing","Plyometric landing mechanics","SingleLegVerticalJumpStickLanding","CalfDeepPosteriorLegAndPlantarFoot","Soleus|GlutealExtensors|PosteriorThighAndKneeFlexors|MedialAndDeepKneeExtensors|LateralKneeExtensors|HipAbductors","ScreenLeftThenRight","Repetition","Motion","0","","single-leg-vertical-jump-stick-landing.mp4","https://www.youtube.com/watch?v=2O473TdML1I","https://www.youtube.com/watch?v=2O473TdML1I","6.3","5.4","10","crop=360:360:140:0","false","false","A stationary full shod human performs a complete vertical jump on the screen-left support leg and holds the landing under control before resetting. The phase-matched loop preserves the long stick cadence without a spatial jump, and Nomadic Method mirrors the reviewed sequence for the other support leg. Its firm vertical takeoff and landing provide the documented involuntary reflexive pelvic-floor training stimulus."
"489","Bharatanatyam Adhomukha Shiro Hold","Standing Side-Leg Tapping Roll-Down","Qigong body tapping","StandingSideLegTappingRollDown","SpinalExtensors","DeepAndIntersegmentalBack|PosteriorThighAndKneeFlexors|GlutealExtensors","Continuous","Repetition","Motion","0","","standing-side-leg-tapping-roll-down.mp4","https://www.youtube.com/watch?v=WhF5nBSGe20","https://www.youtube.com/watch?v=WhF5nBSGe20","441.4","11","10","crop=360:360:140:0","false","false","A fixed-camera full-body human completes one slow standing roll-down while rhythmically tapping both outer legs, then rises to the same arms-opening stance. The unsupported hinge and controlled return are fully visible, and the intrinsic palm contacts make the established qigong drill naturally audible."
"490","Bharatanatyam Alolita Shiro","Track One Thumb Side to Side","Oculomotor rehabilitation","EyeTracking","CranialMuscles","","Continuous","Repetition","Motion","0","","track-thumb-side-to-side.mp4","https://www.youtube.com/watch?v=IZTGSOR2fPA","https://www.youtube.com/watch?v=IZTGSOR2fPA","0","9.6","8","crop=iw*0.78:ih:0:0","false","false","The human visibly moves one thumb through a complete side-to-side path while following it with the eyes; the moving target makes the task copyable at a glance."
"491","Bharatanatyam Dhuta Shiro","Keep Eyes on Thumb While Nodding","Vestibular rehabilitation","GazeStabilityHeadNod","CranialMuscles","PosteriorNeckAndSuboccipitalMuscles|AnteriorLateralNeckAndHyoidMuscles","Continuous","Repetition","Motion","0","","gaze-stability-head-nods-standing.mp4","https://www.youtube.com/watch?v=RtI295xEVhc","https://www.youtube.com/watch?v=RtI295xEVhc","0","4.4","10","crop=ih:ih:0:0","false","false","The standing human holds one visible thumb still and completes a full nod cycle while keeping the gaze fixed; the crop uses the unobscured primary view without a composited stance inset."
"492","Bharatanatyam Kampita Shiro","Track One Thumb Up and Down","Oculomotor rehabilitation","EyeTracking","CranialMuscles","","Continuous","Repetition","Motion","0","","track-thumb-up-and-down.mp4","https://www.youtube.com/watch?v=JpDNPfll-tM","https://www.youtube.com/watch?v=JpDNPfll-tM","0","8.6","8","crop=iw*0.78:ih:0:0","false","false","The human visibly moves one thumb through a complete vertical path while following it with the eyes; the moving target communicates the exercise without narration."
"493","Alternating Bharatanatyam Paravritta Shiro","Track Finger Upper-Right to Lower-Left","Oculomotor rehabilitation","EyeTracking","CranialMuscles","","Continuous","Repetition","Motion","0","","track-finger-diagonal.mp4","https://www.youtube.com/watch?v=acxok1DTnLo","https://www.youtube.com/watch?v=acxok1DTnLo","201.6","2.3","10","crop=400:360:240:0,pad=448:448:24:44:color=black","true","false","The fully visible fingertip traces one clear diagonal target path and faithfully reverses along the same path without clipping the endpoint."
"494","Bharatanatyam Dhuta-Kampita Head Sequence","Front Clap with Backward Arm Swing","Shoulder mobility","FrontClapBackwardArmSwing","ShoulderAdductorsAndExtensors","","Continuous","Repetition","Motion","0","","front-clap-backward-arm-swing.mp4","https://www.youtube.com/watch?v=mJ7IaZzxTN4","https://www.youtube.com/watch?v=mJ7IaZzxTN4","1.92","5.52","10","crop=360:360:280:0","false","false","A planted shod full-body human repeatedly brings both palms together in a clearly visible front clap, then sweeps both straight arms behind the torso through direct shoulder extension. The side view, matched arms-down boundary, and literal name avoid claiming an occluded behind-the-back clap."
"495","Bharatanatyam Parivahita Shiro","Track Finger Toward and Away from Nose","Oculomotor rehabilitation","EyeTracking","CranialMuscles","","Continuous","Repetition","Motion","0","","track-finger-near-and-far.mp4","https://www.youtube.com/watch?v=Xpy1Ge847eI","https://www.youtube.com/watch?v=Xpy1Ge847eI","13.8","3.1","10","","false","false","One uninterrupted side view shows a complete near-to-far-to-near finger-tracking cycle with matched endpoints and no instruction gestures."
"496","Kathak Alternating Side Gaze","Standing Wide-Arm Claps","Chest and shoulder mobility","WideArmClap","Chest","ScapularGirdle","Continuous","Repetition","Motion","0","","standing-wide-arm-claps.mp4","https://www.youtube.com/watch?v=STOp596f9s0","https://www.youtube.com/watch?v=STOp596f9s0","11.4","3.15","10","crop=360:360:140:0","false","false","A planted full-body human opens both arms slowly to a wide horizontal position, then returns the palms to visible contact in front of the chest. The complete close-to-open-to-close cycle is phase matched and directly trains horizontal shoulder adduction plus scapular protraction and retraction."
"499","Bharatanatyam Tiraschina Griva","Track Finger in a Near-Far Spiral","Oculomotor rehabilitation","EyeTracking","CranialMuscles","","Continuous","Repetition","Motion","0","","track-finger-near-far-spiral.mp4","https://www.youtube.com/watch?v=acxok1DTnLo","https://www.youtube.com/watch?v=acxok1DTnLo","249.4","6","10","crop=400:360:240:0,pad=448:448:24:44:color=black","true","false","The fully visible fingertip traces an outward near-far spiral, then faithfully reverses through the same path to close the loop."
"500","Bharatanatyam Parivartita Griva","Mirror-Guided Straight Jaw Opening","Jaw mobility","JawMotion","CranialMuscles","","Continuous","Repetition","Motion","0","","controlled-jaw-open-close.mp4","https://www.youtube.com/watch?v=Uey_JRwnjSc","https://www.youtube.com/watch?v=Uey_JRwnjSc","0","13.5","10","crop=ih:ih:(iw-ih)/2:0","false","false","A close front-view human demonstration repeatedly opens and closes the jaw against a visible midline guide, making lateral deviation immediately observable in a mirror."
"501","Standing Horizontal Saccades","Keep Eyes on Thumb While Turning Head","Vestibular rehabilitation","GazeStabilityHeadTurn","CranialMuscles","AnteriorLateralNeckAndHyoidMuscles|PosteriorNeckAndSuboccipitalMuscles","Continuous","Repetition","Motion","0","","single-leg-thumb-focus-head-turns.mp4","https://www.youtube.com/watch?v=qBT-hcP9GLU","https://www.youtube.com/watch?v=qBT-hcP9GLU","0","4.75","8","crop=ih:ih:0:0","false","false","The unobscured primary view shows a standing human holding a visible thumb target and turning the head while maintaining focus; the crop excludes the composited stance inset."
"502","Standing Vertical Saccades","Standing Levator-Scapulae Stretch","Clinical stretching","NeckStretch","PosteriorNeckAndSuboccipitalMuscles","ScapularGirdle|AnteriorLateralNeckAndHyoidMuscles","ScreenLeftThenRight","Hold","Still","50","","neck-istretch-levator-clean.mp4","https://www.youtube.com/watch?v=rWEQi6u_KiE","https://www.youtube.com/watch?v=rWEQi6u_KiE","5.5","2.5","8","crop=ih:ih:(iw-ih)/2:0","false","false","The standing demonstrator anchors one arm behind his back, turns and bows his head diagonally toward the opposite armpit, and rests the other hand on his crown. A single mirrored endpoint communicates the diagonal levator stretch; distinct from straight lateral neck flexion."
"503","Standing Diagonal Saccades","Overhead-Assisted Upper-Trapezius Stretch","Clinical stretching","NeckStretch","PosteriorNeckAndSuboccipitalMuscles","ScapularGirdle|AnteriorLateralNeckAndHyoidMuscles","ScreenLeftThenRight","Hold","Still","50","","neck-istretch-uppertrap.mp4","https://www.youtube.com/watch?v=LBpQ_EDLHes","https://www.youtube.com/watch?v=LBpQ_EDLHes","7.5","2","8","crop=ih:ih:(iw-ih)/2:0","false","false","The standing demonstrator lets one arm hang while the opposite hand rests over his head and guides one ear toward that shoulder. The visible overhead assist and relaxed opposite arm distinguish it from the catalog's unassisted Neck Side Stretch."
"504","Vertical Eye-Head Shifts Between Thumbs","Hands-on-Head Posterior-Neck Stretch","Clinical stretching","NeckStretch","PosteriorNeckAndSuboccipitalMuscles","AnteriorLateralNeckAndHyoidMuscles","Continuous","Hold","Still","50","","neck-istretch-splenius-capitis-bilateral.mp4","https://www.youtube.com/watch?v=hYtMK2495y0","https://www.youtube.com/watch?v=hYtMK2495y0","3.9","2.5","8","crop=ih:ih:iw-ih:0","true","false","The isolated right-side view shows the demonstrator placing both hands on the head and drawing the chin toward the chest without a second simultaneous view or overlay."
"505","Maximal Smile and Relax","Jaw Side-to-Side Glides","Jaw mobility","JawMotion","CranialMuscles","","Continuous","Repetition","Motion","0","","jaw-side-to-side-glides.mp4","https://www.youtube.com/watch?v=eoXt1Xbzgy0","https://www.youtube.com/watch?v=eoXt1Xbzgy0","0","12.5","10","crop=ih:ih:(iw-ih)/2:0","false","false","A close human demonstration repeatedly glides the jaw left and right through a clearly visible horizontal path."
"506","Eyebrow Raise and Relax","Jaw Forward Glide and Relax","Jaw mobility","JawMotion","CranialMuscles","","Continuous","Repetition","Motion","0","","jaw-forward-glide-relax.mp4","https://www.youtube.com/watch?v=zDmiKlMnPq8","https://www.youtube.com/watch?v=zDmiKlMnPq8","0","6.5","10","crop=ih:ih:(iw-ih)/2:0","false","false","A close human demonstration repeatedly moves the jaw forward and returns it before any manual cue enters the frame."
"507","Firm Eye Close and Full Open","Alternating Cross-Body Knee-to-Elbow Crunch","Standing core conditioning","CoreCrunch","AbdominalWall","HipFlexors|DeepAndIntersegmentalBack","Alternating","Repetition","Motion","0","","6P_JPNPgXig.mp4","https://www.youtube.com/watch?v=6P_JPNPgXig","https://www.youtube.com/watch?v=6P_JPNPgXig","532","12","8","crop=ih:ih:(iw-ih)/2:0","false","false","The human alternates raised knees toward the opposite elbow while both hands remain beside the head. The title, one-block timing, and abdominal and hip-flexor assignment match the complete visible movement."
"508","Tongue Protrusion and Retraction","Side-Step with Two-Arm Overhead Reach","Standing upper-body conditioning","SideStepOverheadReach","ShoulderAbductors","ScapularGirdle|HipAbductors|CalfDeepPosteriorLegAndPlantarFoot|AnteriorLateralLowerLegAndDorsalFoot|AbdominalWall","Alternating","Repetition","Motion","0","","6P_JPNPgXig.mp4","https://www.youtube.com/watch?v=6P_JPNPgXig","https://www.youtube.com/watch?v=6P_JPNPgXig","816","12","8","crop=ih:ih:(iw-ih)/2:0","false","false","The human alternates side steps while sweeping both straight arms overhead; both sides are already demonstrated in one uninterrupted phase."
"509","Bilateral Tongue Lateralization","Split-Stance Lunge Pulse with Overhead Reach","Standing bodyweight conditioning","LungePulse","MedialAndDeepKneeExtensors","LateralKneeExtensors|GlutealExtensors|CalfDeepPosteriorLegAndPlantarFoot|ShoulderAbductors|AbdominalWall","ScreenLeftThenRight","Repetition","Motion","0","","standing-pilates.mp4","https://www.youtube.com/watch?v=ASAWSZ3Zrns","https://www.youtube.com/watch?v=ASAWSZ3Zrns","1169","13","8","crop=ih:ih:(iw-ih)/2:0","false","false","The demonstrator holds a deep split stance with both arms extended overhead and performs repeated controlled downward lunge pulses. Distinct from Alternating Lunge with Overhead Stretch: this is a unilateral sustained lunge with repeated depth pulses."
"510","Maximal Jaw Open and Close","Clasped-Hands Chest-Opening Forward-Fold Hold","Standing bodyweight conditioning","ForwardFold","PosteriorThighAndKneeFlexors","Chest|ShoulderAdductorsAndExtensors|SpinalExtensors","Continuous","Hold","Still","80","","standing-pilates.mp4","https://www.youtube.com/watch?v=ASAWSZ3Zrns","https://www.youtube.com/watch?v=ASAWSZ3Zrns","1656.8","21","8","crop=ih:ih:(iw-ih)/2:0","false","false","With fingers clasped behind the back and legs straight, the demonstrator settles into a forward fold while the straight arms lift away from the back. Distinct from the upright clasped-hands chest opener and plain Standing Forward Fold because both positions are deliberately combined in the final pose."
"512","Scapular Protraction","Standing Upper-Back and Neck Hug Stretch","Standing yoga","NeckStretch","PosteriorNeckAndSuboccipitalMuscles","SpinalExtensors|DeepAndIntersegmentalBack","Continuous","Hold","Still","72","","standing-upper-back-neck-hug-stretch.mp4","https://www.youtube.com/watch?v=ngQxxLnJ-5I","https://www.youtube.com/watch?v=ngQxxLnJ-5I","175.5","7","8","crop=ih:ih:(iw-ih)/2:0","false","false","A full-body unsupported human crosses her arms into a self-hug, rounds the upper back, and settles with the chin toward the chest; the reviewed still freezes that exact endpoint."
"513","Scapular Retraction","Single-Leg Head Nods","Vestibular rehabilitation","SingleLegHeadNod","PosteriorNeckAndSuboccipitalMuscles","AnteriorLateralNeckAndHyoidMuscles|HipAbductors|CalfDeepPosteriorLegAndPlantarFoot","ScreenLeftThenRight","Repetition","Motion","0","","candidate-single-leg-head-turns-b3.mp4","https://www.youtube.com/watch?v=mgZaPNn8_PE","https://www.youtube.com/watch?v=mgZaPNn8_PE","32.2","7.2","10","crop=ih:ih:(iw-ih)/2:0","false","false","A full-body human demonstration shows one complete neutral-to-up-to-neutral-to-down-to-neutral head-nod cycle while balancing on the screen-left support leg."
"516","Shoulder Shrug","Bent-Elbow Shoulder Circles","Shoulder mobility","BentElbowShoulderCircle","ScapularGirdle","ShoulderAbductors","Continuous","Repetition","Motion","0","","OJs2AfEUzaA.mp4","https://www.youtube.com/watch?v=OJs2AfEUzaA","https://www.youtube.com/watch?v=OJs2AfEUzaA","4","5.6","10","crop=ih*0.82:ih*0.82:(iw-ih*0.82)/2:ih*0.18","false","false","A lower crop removes the source HUD while preserving the complete bent-elbow shoulder-circle movement and a phase-matched loop before the end fade."
"517","Bent-Elbow Bidirectional Shoulder Rolls","Standing Breath of Joy with Ha Exhale","Yoga breathing","BreathOfJoyHaExhale","BreathingMuscles","AbdominalWall|ShoulderAbductors|ShoulderAdductorsAndExtensors|ScapularGirdle|RotatorCuff|SpinalExtensors|DeepAndIntersegmentalBack|GlutealExtensors|PosteriorThighAndKneeFlexors","Continuous","Repetition","Motion","0","","standing-breath-of-joy-ha-exhale.mp4","https://www.youtube.com/watch?v=CBAFTA-0kGI","https://www.youtube.com/watch?v=CBAFTA-0kGI","14.76","14.6","10","crop=720:720:280:0","false","false","The authoritative Harvard Health demonstration shows four complete established Breath of Joy cycles in a fixed full-body view: three staged arm inhales followed by the forceful ha exhale and trunk fold. Every fingertip and foot remains visible with generous margin, no overlay enters the cut, and matching arm phases form a clean natural loop."
"518","Straight-Arm Bidirectional Shoulder Rolls","Standing Throat Hee Laughter","Laughter yoga","ThroatLaughter","BreathingMuscles","CranialMuscles","Continuous","Repetition","Motion","0","","standing-throat-hee-laughter.mp4","https://www.youtube.com/watch?v=Gtb1JiDxZb4","https://www.youtube.com/watch?v=Gtb1JiDxZb4","218.3","3.7","10","crop=360:360:140:0","false","false","A planted full-body human keeps both hands visibly framing the throat while repeatedly performing the source-taught hee laughter at normal speed. The literal name makes the respiratory and facial action copyable from the muted phase-matched loop; the seated dog remains separate and never obscures the demonstrator."
"519","Alternating Shoulder Roll","Standing Yes Pullbacks","Laughter yoga","StandingYesPullback","ShoulderAdductorsAndExtensors","ElbowFlexors|ScapularGirdle","Continuous","Repetition","Motion","0","","standing-yes-pullbacks.mp4","https://www.youtube.com/watch?v=Gtb1JiDxZb4","https://www.youtube.com/watch?v=Gtb1JiDxZb4","68.2","3.7","10","crop=360:360:140:0","false","false","A planted full-body human repeatedly reaches both arms forward and pulls them beside and behind the torso while performing the source-cued yes vocalization. The literal name makes the intrinsic sound copyable from the muted phase-matched loop; the seated dog remains separate and never obscures the demonstrator."
"572","Tai Chi White Crane Opens Wings","Standing Side-Lunge Adductor Stretch","Standing stretching","SideLungeAdductorStretch","MajorHipAdductors","AccessoryHipAdductors|MedialAndDeepKneeExtensors|LateralKneeExtensors|GlutealExtensors","ScreenRightThenLeft","Hold","Still","50","","standing-side-lunge-adductor-stretch.mp4","https://www.youtube.com/watch?v=O-ASSBN_5pQ","https://www.youtube.com/watch?v=O-ASSBN_5pQ","3","31","8","crop=ih:ih:(iw-ih)/2:0","false","false","A full human holds a side lunge with the straight leg and adductor line exposed; the second timer phase mirrors the exact posture."
"573","Tai Chi Single Whip","Backs-of-Hands Wrist Stretch","Wrist mobility","WristCurl","ForearmExtensorsAndSupinators","IntrinsicHand","Continuous","Hold","Still","72","","reverse-prayer-stretch.mp4","https://www.youtube.com/watch?v=eF6CoU1VMp4","https://www.youtube.com/watch?v=eF6CoU1VMp4","22","25","8","crop=ih:ih:(iw-ih)/2:0","false","false","A single settled human image shows the backs of both hands together with fingers pointing down. The literal name and still make the wrist stretch immediately copyable without hidden instruction."
"576","Qigong Crane-Wing Shoulder Lift","Side-Step Rainbow Reach","Low-impact conditioning","SideStepRainbowReach","ShoulderAbductors","ScapularGirdle|RotatorCuff","Alternating","Repetition","Motion","0","","6P_JPNPgXig.mp4","https://www.youtube.com/watch?v=6P_JPNPgXig","https://www.youtube.com/watch?v=6P_JPNPgXig","419","12","8","crop=ih:ih:(iw-ih)/2:0","false","false","The side step and rainbow reach alternate across both sides inside the demonstrated clip, so no timed side split is needed."
"577","Qigong Swimming-Dragon Shoulder Roll","Single-Side Standing Side-Leg Raise with Side Reach","Low-impact conditioning","SideLegRaiseSideReach","HipAbductors","GlutealExtensors|ShoulderAbductors|AbdominalWall|DeepAndIntersegmentalBack","ScreenRightThenLeft","Repetition","Motion","0","","6P_JPNPgXig.mp4","https://www.youtube.com/watch?v=6P_JPNPgXig","https://www.youtube.com/watch?v=6P_JPNPgXig","929","12","8","crop=ih:ih:(iw-ih)/2:0","false","false","The human repeatedly raises the straight screen-right leg to the side while reaching the same-side arm outward. The one-side phase is explicit in the name; the second timer phase mirrors the demonstrated movement."
"588","Belly-Dance Alternating Shoulder Rolls","Backward Belly-Dance Alternating Shoulder Rolls","Belly dance","ShoulderCircle","ScapularGirdle","RotatorCuff|ShoulderAbductors","Continuous","Repetition","Motion","0","","belly-dance-shoulder-roll.mp4","https://www.youtube.com/watch?v=RC1_ObeeMyg","https://www.youtube.com/watch?v=RC1_ObeeMyg","176","12","12","crop=ih:ih:(iw-ih)/2:0","false","false","The formerly direction-ambiguous identity is migrated so each linked direction has an explicit name, exact demonstration, and independent score."
"591","Bharatanatyam Natyarambhe Hold","Shadow Boxing","Boxing","MartialHand","ShoulderAbductors","ScapularGirdle|Chest|ElbowExtensors|ElbowFlexors|ForearmFlexorsAndPronators|RotatorCuff|AbdominalWall|DeepAndIntersegmentalBack|CalfDeepPosteriorLegAndPlantarFoot","Continuous","Repetition","Motion","0","","muhammad-ali-shadow-boxing.mp4","https://www.youtube.com/watch?v=wxNW3EdBqNY","https://www.youtube.com/watch?v=wxNW3EdBqNY","18.8","12.2","10","crop=ih:ih:(iw-ih)/2:0","false","false","Muhammad Ali demonstrates uninterrupted solo full-body shadow boxing with compact punches, defensive movement, stance changes, and footwork."
"608","Hip Circle","Counterclockwise Hip Circles","Standing mobility and movement practice","HipCircle","DeepHipRotators","AbdominalWall|DeepAndIntersegmentalBack|HipAbductors","Continuous","Repetition","Motion","0","","belly-dance-hip-circle.mp4","https://www.youtube.com/watch?v=_jP4VwF7zys","https://howcast.com/videos/460670-how-to-do-small-hip-circles-belly-dancing/","31","10","10","crop=ih:ih:(iw-ih)/2:0","false","false","The formerly direction-ambiguous identity is migrated so each linked direction has an explicit name, exact demonstration, and independent score."
"609","Pelvic-Floor Plié Lift","First-Position Plié Squat and Rise","Ballet conditioning","Squat","PelvicFloorAndPerineum","MajorHipAdductors|AccessoryHipAdductors|MedialAndDeepKneeExtensors|LateralKneeExtensors|GlutealExtensors|DeepHipRotators","Continuous","Repetition","Motion","0","","pelvic-floor-10min.mp4","https://www.youtube.com/watch?v=9ygJazIDgHc","https://www.youtube.com/watch?v=9ygJazIDgHc","87","16","10","crop=ih:ih:(iw-ih)/2:0","","false","The silent clip plainly shows heels together, feet turned out, a first-position plié, and a rise. The precise name distinguishes it from the catalog's wide plié squat."
"610","Pelvic-Floor Squat Lift","Warrior II Hold","Yoga","Lunge","PelvicFloorAndPerineum","AbdominalWall|DeepAndIntersegmentalBack|GlutealExtensors|MedialAndDeepKneeExtensors|LateralKneeExtensors|MajorHipAdductors|AccessoryHipAdductors|HipAbductors|DeepHipRotators","ScreenRightThenLeft","Hold","Still","50","","standing-pelvic-floor-primer.mp4","https://www.youtube.com/watch?v=yJHBNrPMTIE","https://www.youtube.com/watch?v=yJHBNrPMTIE","291","8","8","crop=ih:ih:(iw-ih)/2:0","false","false","The stable human still shows the complete Warrior II posture at a glance. The app mirrors it for the second side, and no duplicate Warrior exercise exists in the catalog."
"611","Pelvic-Floor Heel-Raise Lift","Counterclockwise Wide-Stance Hip Circles","Standing mobility","HipCircle","PelvicFloorAndPerineum","AbdominalWall|DeepAndIntersegmentalBack|GlutealExtensors|MajorHipAdductors|AccessoryHipAdductors|HipAbductors|DeepHipRotators","Continuous","Repetition","Motion","0","","wide-stance-hip-circles.mp4","https://www.youtube.com/watch?v=HuP64oSoaLk","https://www.youtube.com/watch?v=HuP64oSoaLk","20","6.5","8","crop=ih*4/3:ih:iw-ih*4/3:0","false","false","A standing human traces large pelvis circles from a symmetric wide stance, so the opposite direction can be shown cleanly without a conflicting side protocol."
"612","Pelvic-Floor Lateral Leg Lift","Standing Lateral Leg Lift","Bodyweight strength","HipAbduction","PelvicFloorAndPerineum","HipAbductors|GlutealExtensors|DeepHipRotators|CalfDeepPosteriorLegAndPlantarFoot","ScreenRightThenLeft","Repetition","Motion","0","","pelvic-floor-10min.mp4","https://www.youtube.com/watch?v=9ygJazIDgHc","https://www.youtube.com/watch?v=9ygJazIDgHc","329","7","10","crop=iw*0.75:ih:iw*0.125:0","","true","The one-sided leg lift is plain and uses the timed-side protocol."
"613","Pelvic-Floor Balance March","Balance March","Balance training","BalanceMarch","PelvicFloorAndPerineum","HipFlexors|AnteriorLateralLowerLegAndDorsalFoot|CalfDeepPosteriorLegAndPlantarFoot|AbdominalWall","Continuous","Repetition","Motion","0","","pelvic-floor-10min.mp4","https://www.youtube.com/watch?v=9ygJazIDgHc","https://www.youtube.com/watch?v=9ygJazIDgHc","412","17","10","crop=ih:ih:(iw-ih)/2:0","","false","The clip clearly alternates knee lifts and brief balances."
"614","Standing Pelvic-Floor Contraction and Release","Alternating Reinforced Forearm Blocks","Martial-arts conditioning","ArmSweep","ForearmFlexorsAndPronators","ForearmExtensorsAndSupinators|ElbowFlexors|RotatorCuff|ScapularGirdle","Continuous","Repetition","Motion","0","","reinforced-forearm-blocks.mp4","https://www.youtube.com/watch?v=0OHIMRUTLv0","https://www.youtube.com/watch?v=0OHIMRUTLv0","0.4","15.8","8","crop=ih:ih:(iw-ih)/2:0","false","false","The demonstrator alternates one large reinforced forearm block per side in a short repeating pattern. The arm path and supporting-hand contact are fully visible and copyable without specialist explanation."
"615","Alternating Pelvic-Floor Lunge Twist","Hamstring Curl with Prayer Hands","Standing pelvic mobility","HamstringCurlPrayer","PelvicFloorAndPerineum","AbdominalWall|GlutealExtensors|SpinalExtensors|DeepAndIntersegmentalBack","Continuous","Repetition","Motion","0","","6P_JPNPgXig.mp4","https://www.youtube.com/watch?v=6P_JPNPgXig","https://www.youtube.com/watch?v=6P_JPNPgXig","1100","12","8","crop=ih:ih:(iw-ih)/2:0","false","false","A full human demonstration shows the complete named movement without equipment, support, jumping, travel outside three metres, or hidden resistance."
"616","Pelvic-Floor Overhead Chop","Standing Overhead Chop","Standing mobility","DiagonalReach","PelvicFloorAndPerineum","AbdominalWall|ShoulderAdductorsAndExtensors|ScapularGirdle|DeepAndIntersegmentalBack","Continuous","Repetition","Motion","0","","standing-pelvic-floor-primer.mp4","https://www.youtube.com/watch?v=yJHBNrPMTIE","https://www.youtube.com/watch?v=yJHBNrPMTIE","95","20","10","crop=ih:ih:(iw-ih)/2:0","","false","The clasped-hands overhead-to-front chop exactly matches the new name."
"618","Pelvic-Floor Windmill","Single-Side High-Knee Hold with Side Reach","Standing balance and mobility","HighKneeSideReach","HipFlexors","SpinalExtensors|DeepAndIntersegmentalBack|AbdominalWall|ShoulderAbductors","ScreenLeftThenRight","Repetition","Motion","0","","6P_JPNPgXig.mp4","https://www.youtube.com/watch?v=6P_JPNPgXig","https://www.youtube.com/watch?v=6P_JPNPgXig","986","12","8","crop=ih:ih:(iw-ih)/2:0","false","false","The source repeatedly holds the screen-left knee high while reaching to the side. The visible hip-flexor and trunk demand replaces the unsupported pelvic-floor claim; the timed second phase mirrors the movement."
"619","Pelvic-Floor Hip Circles","Squat with Forward Scoop","Standing pelvic-floor movement","SquatReach","PelvicFloorAndPerineum","MedialAndDeepKneeExtensors|LateralKneeExtensors|GlutealExtensors|AbdominalWall","Continuous","Repetition","Motion","0","","gabi-standing-pelvic-floor.mp4","https://www.youtube.com/watch?v=yoh0uY01bQs","https://www.youtube.com/watch?v=yoh0uY01bQs","420","8","8","crop=ih:ih:(iw-ih)/2:0","false","false","A large squat and bilateral forward scoop from a standing pelvic-floor routine."
"625","Wing Chun Juen Ma Turning Stance","Standing Roll-Down with Halfway Lift","Standing Pilates","RollDown","DeepAndIntersegmentalBack","SpinalExtensors|PosteriorThighAndKneeFlexors|AbdominalWall","Continuous","Repetition","Motion","0","","standing-pilates.mp4","https://www.youtube.com/watch?v=ASAWSZ3Zrns","https://www.youtube.com/watch?v=ASAWSZ3Zrns","118","22","8","crop=ih:ih:(iw-ih)/2:0","false","false","With hands behind her head, the demonstrator articulates down into a forward fold, lengthens to a flat-backed halfway lift, folds again, and rolls upright. A complete, visually self-contained roll-down cycle; unlike the catalog's retained hinges and forward-fold holds, the spinal articulation and halfway lift are the exercise."
"636","Deadlift Kickback","Curtsy-Lunge Hold","Bodyweight isometrics","CurtsyLungeHold","GlutealExtensors","MajorHipAdductors|AccessoryHipAdductors|MedialAndDeepKneeExtensors|LateralKneeExtensors|PosteriorThighAndKneeFlexors|AbdominalWall","ScreenRightThenLeft","Hold","Still","28","","mizi-standing.mp4","https://www.youtube.com/watch?v=mfF2gW1BvOA","https://www.youtube.com/watch?v=mfF2gW1BvOA","410","8","10","crop=ih-20:ih-20:iw*0.15625:0","","false","A full-body human settles into a deep cross-behind curtsy lunge while both hands remain off the floor; the second side is mirrored."
"647","Kickback with Sky Punch","Alternating Knee Lift with Overhead Reach","Bodyweight conditioning","KneeDrive","HipFlexors","AbdominalWall|ShoulderAbductors|ScapularGirdle","Continuous","Repetition","Motion","0","","mizi-standing.mp4","https://www.youtube.com/watch?v=mfF2gW1BvOA","https://www.youtube.com/watch?v=mfF2gW1BvOA","360","8","10","crop=ih-20:ih-20:iw*0.15625:0","","true","The retained human clip naturally alternates knee lifts while both arms reach overhead, exactly matching the plain name."
"649","Standing Side-Leg Raise","Standing Bent-Knee Hip Abduction","Standing conditioning","HipAbductionBentKnee","HipAbductors","DeepHipRotators|GlutealExtensors","ScreenRightThenLeft","Repetition","Motion","0","","standing-bent-knee-hip-abduction.mp4","https://www.youtube.com/watch?v=_nDwMxCHLnA","https://www.youtube.com/watch?v=_nDwMxCHLnA","6.05","3.75","8","crop=360:360:217:0","false","false","The unsupported full-body human visibly lifts one bent knee laterally and returns it while both hands stay on the hips; the crop keeps the complete body readable and the unused background bench is never touched."
"654","Sideward-and-Backward Kick","Single-Side Leg Lift to Overhead Knee Drive","Standing strength and balance","LegLiftKneeDrive","HipAbductors","HipFlexors|GlutealExtensors|AbdominalWall|ShoulderAbductors|ScapularGirdle","ScreenRightThenLeft","Repetition","Motion","0","","mizi-standing.mp4","https://www.youtube.com/watch?v=mfF2gW1BvOA","https://www.youtube.com/watch?v=mfF2gW1BvOA","710","8","10","crop=ih-20:ih-20:iw*0.15625:0","","true","The retained one-sided human clip clearly cycles from a lateral leg lift with T arms to an upright knee drive with both arms overhead; the name now states that the timer mirrors the phase for the other side."
"677","Alternating Belly-Dance Hip Drop","Bent-Elbow Reverse-Fly Hold","Upper-back isometrics","ReverseFlyHold","ScapularGirdle","ShoulderAdductorsAndExtensors|RotatorCuff|ShoulderAbductors","Continuous","Hold","Still","33","","PJO1hQSMPT4.mp4","https://www.youtube.com/watch?v=PJO1hQSMPT4","https://www.youtube.com/watch?v=PJO1hQSMPT4","125","3","8","crop=250:305:0:55","false","false","A tightly isolated full-body human holds both bent elbows open behind the torso line in a clear reverse-fly endpoint, without the prior group-shot ambiguity."
"678","Belly-Dance Hip Lift","Overhead Arm Figure Eight","Standing bodyweight conditioning","OverheadFigureEight","RotatorCuff","ShoulderAbductors|ScapularGirdle","Continuous","Repetition","Motion","0","","standing-tone-arms.mp4","https://www.youtube.com/watch?v=pWhJAwM4yeQ","https://www.youtube.com/watch?v=pWhJAwM4yeQ","334.8","30.2","8","crop=ih:ih:(iw-ih)/2:0","false","false","Both hands draw a continuous large figure eight above the head while the demonstrator makes small quiet side steps. Distinct from Large Arm Sweep Up and Down because the hands cross through a continuous overhead figure-eight path."
"681","Belly-Dance Horizontal Figure Eight","Muay Thai Downward Elbow Strike","Muay Thai","MartialHand","ShoulderAdductorsAndExtensors","ElbowFlexors|AbdominalWall|ScapularGirdle|RotatorCuff","ScreenRightThenLeft","Repetition","Motion","0","","downward-elbow-strike-clear.mp4","https://www.youtube.com/watch?v=4qHSLUnix9E","https://www.youtube.com/watch?v=4qHSLUnix9E","33.25","5.5","10","crop=300:300:170:30","false","false","The tight full-body cut contains only repeated elbow chambers and downward strikes, removing the preceding instructional setup while retaining a solo human demonstration without equipment."
"683","Belly-Dance Umi","Alternating Palm-Up Shoulder Rotations","Shoulder mobility","AlternatingPalmFlip","RotatorCuff","ShoulderAbductors|ScapularGirdle|Chest","Continuous","Repetition","Motion","0","","kfP_9z-BtmA.mp4","https://www.youtube.com/watch?v=kfP_9z-BtmA","https://www.youtube.com/watch?v=kfP_9z-BtmA","286","24","8","crop=ih:ih:(iw-ih)/2:0","false","false","The literal name describes the visible alternating palm-up shoulder rotation without the opaque T-arm-flip wording."
"684","Belly-Dance Maya","Knee Strike to Horizontal Elbow Strike","Martial-arts conditioning","KneeElbowStrikeCombo","AbdominalWall","Chest|ShoulderAdductorsAndExtensors|DeepHipRotators","ScreenLeftThenRight","Repetition","Motion","0","","knee-strike-elbow-strike-clear.mp4","https://www.youtube.com/watch?v=jOrjXxe6ITw","https://www.youtube.com/watch?v=jOrjXxe6ITw","0.42","8.19","10","crop=iw*0.6875:ih:iw*0.3125:0","false","false","A large, unobscured full-body demonstrator completes one screen-left knee strike, steps through into a horizontal elbow strike, and returns to guard. The crop removes the source label, every limb remains visible, and the matched guard boundary loops one exact quiet equipment-free combination at normal speed."
"685","Belly-Dance Taqsim","Static-Stance Karate Reverse Punch","Karate","ReversePunch","ElbowExtensors","Chest|ForearmFlexorsAndPronators|ShoulderAbductors|ScapularGirdle|RotatorCuff|IntrinsicHand|AbdominalWall","ScreenLeftThenRight","Repetition","Motion","0","","static-reverse-punch-in-air.mp4","https://www.youtube.com/watch?v=-6r58necoRc","https://www.youtube.com/watch?v=-6r58necoRc","1.4","3","10","crop=ih:ih:(iw-ih)/2:0","false","false","A lone full-body karate practitioner keeps both feet planted in one stance while the rear hand repeatedly punches from guard and returns. The short phase-matched cut shows two complete reverse punches at normal speed; the second timer phase mirrors the working side."
"686","Belly-Dance Hip Twist","Standing Knee-to-Chest Glute Stretch","Stretching","LegBalance","DeepHipRotators","GlutealExtensors","ScreenLeftThenRight","Hold","Still","50","","standing-knee-to-chest-glute-stretch.mp4","https://www.youtube.com/watch?v=ovgnoeaaZRI","https://www.youtube.com/watch?v=ovgnoeaaZRI","5","8","8","crop=ih:ih:(iw-ih)/2:0","false","false","The full standing human balances on one foot and holds the opposite knee firmly toward the chest. The stable one-leg endpoint visibly combines a glute and deep-hip stretch with balance and is mirrored for the timed second side."
"687","Belly-Dance Hip Shimmy","Horse-Stance Alternating Straight Punches","Karate conditioning","HorseStancePunch","ElbowExtensors","Chest|ForearmFlexorsAndPronators|ShoulderAbductors|ScapularGirdle|RotatorCuff|IntrinsicHand|AbdominalWall|MajorHipAdductors|AccessoryHipAdductors|MedialAndDeepKneeExtensors|LateralKneeExtensors|GlutealExtensors","Continuous","Repetition","Motion","0","","horse-stance-with-punches.mp4","https://www.youtube.com/watch?v=TlO7VA810mg","https://www.youtube.com/watch?v=TlO7VA810mg","0","8.2","10","crop=ih:ih:(iw-ih)/2:0","false","false","A lone full-body martial artist holds a planted horse stance and alternates complete left and right straight punches at a natural workout cadence. Both arms occur inside the ordinary loop, and the hands, stance and both feet remain visible without support or used equipment."
"712","Thoracic Expansion Hold","Standing Arms-Back Chest-Opener Hold","Standing mobility and stretching","ChestOpenerHold","Chest","ScapularGirdle|DeepAndIntersegmentalBack|ShoulderAdductorsAndExtensors","Continuous","Hold","Still","93","","thoracic-expansion-hold.mp4","https://www.youtube.com/watch?v=KdMNPH3XTuA","https://www.youtube.com/watch?v=KdMNPH3XTuA","9","7","10","crop=ih:ih:(iw-ih)/2:0","false","false","Reviewed replacement: the exact human demonstration makes the standing arms-back chest-opening hold immediately copyable without equipment, support, or excess travel."
"743","Clasped-Hands-Behind-Back Chest Opener","Backward Standing Large Arm Circles","Shoulder mobility","ArmCircle","RotatorCuff","ScapularGirdle|ShoulderAbductors|ShoulderAdductorsAndExtensors|Chest","Continuous","Repetition","Motion","0","","standing-backward-arm-circles.mp4","https://www.youtube.com/watch?v=X9qVOhj04fk","https://www.youtube.com/watch?v=X9qVOhj04fk","1.5","23","8","crop=ih:ih:(iw-ih)/2:0","false","false","The retained human clip clearly demonstrates large backward arm circles; Nomadic Method now follows it with an exact forward-circle phase."
"745","Dynamic Hug","One-Arm Curl Against Other Hand","Self-resistance","ArmCurl","ElbowFlexors","ForearmFlexorsAndPronators|IntrinsicHand","ScreenLeftThenRight","Repetition","Motion","0","","self-resistance-arms.mp4","https://www.youtube.com/watch?v=W7J5S5KbSFY","https://www.youtube.com/watch?v=W7J5S5KbSFY","54","7","8","crop=640:720:0:0","false","false","A close human demonstration visibly curls one palm-up forearm while the opposite hand presses against it. The literal name and moving contact make both the action and resistance immediately readable before the roles switch."
"755","Wing Chun Double-Palm Press","Outward Wrist Circles","Hand mobility","WristCircle","ForearmFlexorsAndPronators","ForearmExtensorsAndSupinators","ScreenRightThenLeft","Repetition","Motion","0","","standing-wrist-circles.mp4","https://www.youtube.com/watch?v=wRSk1_C6yOM","https://www.youtube.com/watch?v=wRSk1_C6yOM","0.5","18","10","crop=ih:ih:(iw-ih)/2:0","false","false","A reviewed exact media transform supplies the outward direction as a linked, independently scored exercise with a plain direction-specific name."
"756","Wing Chun Chain-Punch Chest Rhythm","Outward Controlled Wrist Circles","Wrist mobility","WristCAR","ForearmExtensorsAndSupinators","ForearmFlexorsAndPronators|ElbowFlexors","ScreenLeftThenRight","Repetition","Motion","0","","standing-wrist-cars.mp4","https://www.youtube.com/watch?v=fFp6Y-OzC-U","https://www.youtube.com/watch?v=fFp6Y-OzC-U","4","28","8","crop=ih:ih:(iw-ih)/2:0","false","false","A reviewed exact media transform supplies the outward direction as a linked, independently scored exercise with a plain direction-specific name."
"757","Tai Chi Open and Close Hands","Forward Standing Arm Circles","Standing mobility and movement practice","ArmCircle","ShoulderAbductors","ScapularGirdle|RotatorCuff","Continuous","Repetition","Motion","0","","PJO1hQSMPT4.mp4","https://www.youtube.com/watch?v=PJO1hQSMPT4","https://www.youtube.com/watch?v=PJO1hQSMPT4","28","5.5","8","crop=ih:ih:(iw-ih)/2:0","false","false","A reviewed exact media transform supplies the opposite direction as a linked, independently scored exercise with a plain direction-specific name."
"758","Alternating Tai Chi Embrace Tiger and Return to Mountain","Backward Knee-and-Ankle Circles","Standing bodyweight conditioning","KneeAnkleCircle","AnteriorLateralLowerLegAndDorsalFoot","DeepHipRotators|HipFlexors|AbdominalWall|CalfDeepPosteriorLegAndPlantarFoot","ScreenLeftThenRight","Repetition","Motion","0","","julia-balance-stability.mp4","https://www.youtube.com/watch?v=9Slz5XXmLpM","https://www.youtube.com/watch?v=9Slz5XXmLpM","99","27.5","8","crop=ih:ih:(iw-ih)/2:0","false","false","A reviewed exact media transform supplies the backward direction as a linked, independently scored exercise with a plain direction-specific name."
"759","Alternating Tai Chi Play the Lute","Counterclockwise Standing Wheel Arm Circles","Qigong","ChestCircle","ScapularGirdle","Chest|ShoulderAbductors|SpinalExtensors|DeepAndIntersegmentalBack|AbdominalWall","Continuous","Repetition","Motion","0","","shibashi-set1.mp4","https://www.youtube.com/watch?v=PG1WGuzm7T0","https://www.youtube.com/watch?v=PG1WGuzm7T0","610","44","10","crop=ih:ih:(iw-ih)/2:0","false","false","A reviewed exact media transform supplies the opposite direction as a linked, independently scored exercise with a plain direction-specific name."
"760","Tai Chi Double-Palm Ward-Off Flow","Counterclockwise Full Neck Circles","Functional Range Conditioning","HeadCircle","PosteriorNeckAndSuboccipitalMuscles","AnteriorLateralNeckAndHyoidMuscles","Continuous","Repetition","Motion","0","","cervical-car.mp4","https://www.youtube.com/watch?v=986FAogJRFw","https://www.youtube.com/watch?v=986FAogJRFw","14.5","14.25","10","","false","false","A reviewed exact media transform supplies the opposite direction as a linked, independently scored exercise with a plain direction-specific name."
"761","Alternating Tai Chi Ward Off","Forward Belly-Dance Alternating Shoulder Rolls","Belly dance","ShoulderCircle","ScapularGirdle","RotatorCuff|ShoulderAbductors","Continuous","Repetition","Motion","0","","belly-dance-shoulder-roll.mp4","https://www.youtube.com/watch?v=RC1_ObeeMyg","https://www.youtube.com/watch?v=RC1_ObeeMyg","176","12","12","crop=ih:ih:(iw-ih)/2:0","false","false","A reviewed exact media transform supplies the opposite direction as a linked, independently scored exercise with a plain direction-specific name."
"762","Qigong Opening the Chest","Clockwise Hip Circles","Standing mobility and movement practice","HipCircle","DeepHipRotators","AbdominalWall|DeepAndIntersegmentalBack|HipAbductors","Continuous","Repetition","Motion","0","","belly-dance-hip-circle.mp4","https://www.youtube.com/watch?v=_jP4VwF7zys","https://howcast.com/videos/460670-how-to-do-small-hip-circles-belly-dancing/","31","10","10","crop=ih:ih:(iw-ih)/2:0","false","false","A reviewed exact media transform supplies the opposite direction as a linked, independently scored exercise with a plain direction-specific name."
"763","Qigong Separating the Clouds","Clockwise Wide-Stance Hip Circles","Standing mobility","HipCircle","PelvicFloorAndPerineum","AbdominalWall|DeepAndIntersegmentalBack|GlutealExtensors|MajorHipAdductors|AccessoryHipAdductors|HipAbductors|DeepHipRotators","Continuous","Repetition","Motion","0","","wide-stance-hip-circles.mp4","https://www.youtube.com/watch?v=HuP64oSoaLk","https://www.youtube.com/watch?v=HuP64oSoaLk","20","6.5","8","crop=ih*4/3:ih:iw-ih*4/3:0","false","false","A reviewed exact media transform supplies the opposite direction as a linked, independently scored exercise with a plain direction-specific name."
"764","Qigong Rotating-the-Ball Flow","Forward Standing Large Arm Circles","Shoulder mobility","ArmCircle","RotatorCuff","ScapularGirdle|ShoulderAbductors|ShoulderAdductorsAndExtensors|Chest","Continuous","Repetition","Motion","0","","standing-backward-arm-circles.mp4","https://www.youtube.com/watch?v=X9qVOhj04fk","https://www.youtube.com/watch?v=X9qVOhj04fk","1.5","23","8","crop=ih:ih:(iw-ih)/2:0","false","false","A reviewed exact media transform supplies the opposite direction as a linked, independently scored exercise with a plain direction-specific name."
"816","Torso Circle","Side-Step Overhead Reach","Standing core conditioning","SideStepOverheadReach","DeepAndIntersegmentalBack","AbdominalWall|SpinalExtensors|DeepHipRotators","ScreenLeftThenRight","Repetition","Motion","0","","6P_JPNPgXig.mp4","https://www.youtube.com/watch?v=6P_JPNPgXig","https://www.youtube.com/watch?v=6P_JPNPgXig","589","12","8","crop=ih:ih:(iw-ih)/2:0","false","false","The source repeats the screen-left side step and overhead reach; the timed second phase mirrors the complete movement for the other side."
"834","Alternating Cross-Step Lat Pulldown","Single-Side Diagonal Knee Drive with Overhead Pull","Standing upper-body conditioning","DiagonalKneeOverheadPull","ShoulderAdductorsAndExtensors","ScapularGirdle|ElbowFlexors|AccessoryHipAdductors|HipAbductors","ScreenLeftThenRight","Repetition","Motion","0","","6P_JPNPgXig.mp4","https://www.youtube.com/watch?v=6P_JPNPgXig","https://www.youtube.com/watch?v=6P_JPNPgXig","305","12","8","crop=ih:ih:(iw-ih)/2:0","false","false","The source repeats the screen-left diagonal knee drive and overhead pull; the name makes that one-side phase explicit, and the timed second phase mirrors it for the other side."
"843","Standing Cobra Pose","Arm-Behind-Back Assisted Side Neck Stretch","Clinical stretching","NeckStretch","AnteriorLateralNeckAndHyoidMuscles","PosteriorNeckAndSuboccipitalMuscles|ScapularGirdle","ScreenRightThenLeft","Hold","Still","50","","arm-behind-back-side-neck-stretch-clear.mp4","https://www.youtube.com/watch?v=tyCe3r1RTZ8","https://www.youtube.com/watch?v=tyCe3r1RTZ8","17","26","8","crop=ih:ih:(iw-ih)/2:0","false","false","Reviewed replacement: the standing human keeps one arm visibly behind the back while the opposite hand assists an ear-to-shoulder tilt. Both unequal arm roles and the stretched side remain readable in the mirrored still."
"845","Extended-Mountain Backline Reach and Lower","Alternating Overhead Side Stretch","Standing mobility and stretching","OverheadSideStretch","ShoulderAdductorsAndExtensors","AbdominalWall|ScapularGirdle","Continuous","Repetition","Motion","0","","alternating-overhead-side-stretch.mp4","https://www.youtube.com/watch?v=gTEBlnqcJ2c","https://www.youtube.com/watch?v=gTEBlnqcJ2c","14","16","8","crop=ih:ih:(iw-ih)/2:0","false","false","A human alternates large overhead reaches and visible side bends without support, equipment, or hidden effort."
"971","Horse-Stance Core Hold","Wide-Squat Alternating Knee Raise","Bodyweight conditioning","WideSquatKneeRaise","AccessoryHipAdductors","MajorHipAdductors|MedialAndDeepKneeExtensors|LateralKneeExtensors|GlutealExtensors|HipFlexors|HipAbductors|AbdominalWall","Continuous","Repetition","Motion","0","","wide-squat-alternating-knee-raise.mp4","https://www.youtube.com/watch?v=q25_8WU-yGw","https://www.youtube.com/watch?v=q25_8WU-yGw","0","32","8","crop=ih:ih:(iw-ih)/2:0","false","false","A clear unsupported human alternates a wide squat with left and right knee raises in one continuous cycle."
"986","Karate Kiba-Dachi Brace","Deep-Squat Side-to-Side Shift","Bodyweight conditioning","LateralShiftSquat","MajorHipAdductors","AccessoryHipAdductors|MedialAndDeepKneeExtensors|LateralKneeExtensors|GlutealExtensors|HipAbductors|AbdominalWall","Continuous","Repetition","Motion","0","","deep-squat-side-to-side-shift.mp4","https://www.youtube.com/watch?v=DKytsonD7JE","https://www.youtube.com/watch?v=DKytsonD7JE","3","11.5","8","crop=480:360:80:0","false","false","The full-body human remains in a deep squat and visibly shifts weight from side to side without specialist cues."
"987","Karate Shiko-Dachi Core Brace","Wide-Plié Alternating Heel Lifts","Ballet conditioning","WidePlieAlternatingHeelLift","AccessoryHipAdductors","MajorHipAdductors|MedialAndDeepKneeExtensors|LateralKneeExtensors|GlutealExtensors|Soleus|CalfDeepPosteriorLegAndPlantarFoot","Continuous","Repetition","Motion","0","","wide-plie-alternating-heel-lifts.mp4","https://www.youtube.com/watch?v=wLzJ1kKucj0","https://www.youtube.com/watch?v=wLzJ1kKucj0","7","22","8","crop=ih:ih:(iw-ih)/2:0","false","false","A full-body human visibly alternates heel lifts while maintaining a deep wide plié."
"996","Flamenco Core Brace and Release","Partial Pistol Squat","Calisthenics","PartialSingleLegSquat","MedialAndDeepKneeExtensors","LateralKneeExtensors|GlutealExtensors|HipFlexors|AbdominalWall|CalfDeepPosteriorLegAndPlantarFoot","ScreenLeftThenRight","Repetition","Motion","0","","pistol-squat.mp4","https://www.youtube.com/watch?v=H-8t44E0UxA","https://www.youtube.com/watch?v=H-8t44E0UxA","14.35","2.4","20","crop=ih:ih:(iw-ih)/2:0","true","false","A full-body human lowers to a clear partial pistol-squat depth and returns through an exact reversed path; only the planted foot contacts the floor, and Nomadic Method mirrors the reviewed side for the second phase."
"997","Ballet Passe March","Bottom Pistol Squat Hold","Calisthenics","PistolSquatHold","LateralKneeExtensors","MedialAndDeepKneeExtensors|GlutealExtensors|HipFlexors|AbdominalWall|CalfDeepPosteriorLegAndPlantarFoot","ScreenLeftThenRight","Hold","Still","50","","pistol-squat.mp4","https://www.youtube.com/watch?v=H-8t44E0UxA","https://www.youtube.com/watch?v=H-8t44E0UxA","17","3","20","crop=ih:ih:(iw-ih)/2:0","false","false","A full-body human settles at the unsupported bottom pistol position with the free leg extended; the app holds the reviewed frame and mirrors it for the other side."
"998","Ballet Arabesque Reach","Deep-Squat Thoracic Rotation","Deep-squat mobility","DeepSquatRotation","DeepAndIntersegmentalBack","AbdominalWall|DeepHipRotators|MajorHipAdductors|AccessoryHipAdductors|MedialAndDeepKneeExtensors|LateralKneeExtensors","Continuous","Repetition","Motion","0","","deep-squat-thoracic-rotations.mp4","https://www.youtube.com/watch?v=nwtq2DLip2E","https://www.youtube.com/watch?v=nwtq2DLip2E","0","11.6","10","crop=ih:ih:(iw-ih)/2:0","false","false","A full-body human remains in a full squat and naturally alternates obvious left and right overhead thoracic rotations without support or non-foot ground contact."
"999","Standing Pilates Hundred Arms","Deep-Squat Walk","Deep-squat locomotion","DeepSquatWalk","LateralKneeExtensors","MedialAndDeepKneeExtensors|GlutealExtensors|MajorHipAdductors|AccessoryHipAdductors|HipAbductors|Soleus|CalfDeepPosteriorLegAndPlantarFoot","Continuous","Repetition","Motion","0","","deep-squat-walk.mp4","https://www.youtube.com/watch?v=CxpaehaicOA","https://www.youtube.com/watch?v=CxpaehaicOA","5","15.5","10","crop=ih:ih:(iw-ih)/2:0","false","false","A full-body human stays low and takes controlled alternating steps inside a compact footprint; only the feet contact the floor and no equipment is used."
